0xc5fd9570ac1a5dab9eda7839bd33229252b0c05d;8;0x9f403140bc0574d7d36ea472b82daa1bbd4ef327;0;0.01;;false
0x66a71dcef29a0ffbdbe3c6a460a3b5bc225cd675;844227;0x9f403140bc0574d7d36ea472b82daa1bbd4ef327;0;0.00;Endpoint;false
0xcff08a35a5f27f306e2da99ff198db90f13def77;8;0x9f403140bc0574d7d36ea472b82daa1bbd4ef327;0;0.00;;false
0x88b016cdeaac1d73d4a35202128cd4dd3e782f15;13;0xc48cab17fcb3eb38030bc4ea54b62353d2802ba8;0;0.00;;false
0x296f55f8fb28e498b858d0bcda06d955b2cb3f97;415808;0x1d7c6783328c145393e84fb47a7f7c548f5ee28d;0.00;0.00;Bridge;false
0xaf5191b0de278c7286d6c7cc6ab6bb8a73ba2cd6;20754;0x1d7c6783328c145393e84fb47a7f7c548f5ee28d;75,924,981.30;0.00;StargateToken;true
0xfecba472b2540c5a2d3700b2c9e06f0aa7dc6462;70;0x7c704efdf67405a11f8ebad35de9a0149213e8dc;39.44;0.00;AdminUpgradeabilityProxy;false
0x8bf1c650ec30c2fd70b7cdb1346f118ac5f55bca;1;0xd6acd01c5579069afb5ea2bbab261e46b35733c9;0;0.00;;false
0x37289c05050ce693309932e40a48d8923df6d786;1;0xd6acd01c5579069afb5ea2bbab261e46b35733c9;0;0.00;;false
0x0674c96408ae30c9feb7331c1f2831f3eab2c303;3;0xc13b65f7c53cd6db2ea205a4b574b4a0858720a6;0;0.00;;false
0x2c5562dfe1f24678cfcd0d235ee293b942b4a6a9;1;0xf65908d276efb91c98c1aa3141cd1b980db198ce;0;0.00;;false
0xea1ab2b141cd28a86531ae256ea95580cc5a469e;3;0x28c9c1f5aece95f8676e1c11db2ab08aeef2308f;0.98;0.00;NFTMarketplaceMain;false
0xa74ae2c6fca0cedbaef30a8ceef834b247186bcf;620;0x099a2da6bb4f40ecaea36ad0abe32d09f98c2a0a;0.00;246.15;Gh0stlyGh0sts;true
0xe0ddc558eb8d642453bd2a0cb31f01981550287a;1;0xef1ce7ae0fc718d68d6f30cfb640180f5745a51d;0;74.73;Kev0;true
0xce4e591c738a128a5e1dda6beb840d17c5d831f9;1;0x8b727216f4e88a64fb057592d9fb99d28ff67d29;0;0.00;CoolBears;true
0xcf7ab852a4d5885a4e1c840bcb3c6353341b2d86;2;0x25a01fd96a3042bab10652106746c587942a9fe5;0;0.00;SmolFrens;true
0xdff484a2bc81c3ab7368dc58f3e5894d426f957c;1;0x14719476c596fce28d381bd3ac12c3ce4698a1e9;0;0.00;RaidProjectBaseCore;true
0xae888c9cb9d6a46c993c9d298f710a44063040c9;3;0xd9b68d44640dccad2c6481d951406bdb5f65d1be;0;0.00;XZEROS;true
0x589f6a6737a880101a50ff6d9a50a7498c6ec2b3;8;0xc0d0ee527d6d563d75570629254479849211a499;0;0.00;;false
0xd9b78a2f1dafc8bb9c60961790d2beefebee56f4;1240;0xb57fd863535525b880ff7e23cdf17644a08cb448;0;7.03;tinydinos;true
0x01ae9df9cc72ed928c6f34aa74a3449e8d5ab134;1;0x2514015e85d64114bd8098a09de9e77bc0d7baae;0;0.00;OmniBird;true
0x4a9271911a7fcdef1159a8e6bf9874b28dced5c6;2;0x12572c364dbebc556bb0ef5302576e025f6db7db;0;0.00;LayerZeroPunksMainnet;true
0xe0e28f13d59b3f6c37e49c8447df3c9d418f0188;2;0x86618681b0f88743362deb845786606ebf04457f;0;175.82;ComelyTurtles;true
0x7c5d55aa9236aed05ee8d6e610eaec9809e057d9;8;0x77451aa5b551c88526a05b86bd790b1c2afc6d21;0;0.00;OmniChainToken;true
0x6bf7230ec3faff46bffedfbf765b54ac622bb3a6;3;0x305799cb51dc86ea40ffe86cc6d3fcb9fbc494a4;0;0.00;BillionaireSkullClub;true
0x3b8420eb6ef77bc25025b32d8205cde2683f979e;3;0x53aa300ce82ca55217c28c1db8b60a2a45f96967;0;0.00;Moonbears;true
0x73412cdddf3164313bd3781b13df0dae10013bbf;5;0xc13b65f7c53cd6db2ea205a4b574b4a0858720a6;0.00;0.00;;false
0xcfd3125b384d37a751f1767f00fb8462f601173c;1;0x4d4c4994cdd52f1dc98249593b79fbcd9b48df0c;0;0.00;GaugeSnapshot;false
0x76bf5c3ab575efe9fbb83bf769e2c4528a354be6;1;0x4d4c4994cdd52f1dc98249593b79fbcd9b48df0c;0;0.00;GaugeSnapshot;false
0xacf63e56fd08970b43401492a02f6f38b6635c91;111;0xd77ec5ba85742194487ac7218d2775b8b2da40ae;0;0.00;ONFTBased;true
0x9817a71ca8e309d654ee7e1999577bce6e6fd9ac;137;0xe8bc44ae4ba6eddb88c8c087fd9b479dff729850;0;145.63;;false
0x36da7d6710779321a46c5cf3c3cea33dc6cb2721;52;0x9c21ca464a2ee450d05d605d74ad415c6baaa054;0;0.00;GaugeSnapshot;false
0x151c384c9d8aece2dfb50e61890217128f90c321;1;0x9ef12178e25842ece14a5e3e1605c0e58a8b4394;0;0.00;METAKAYS;true
0x0d87d35dc73056484e4e41300a810dc58ad1d668;1;0x39dcbb3929844aad5675984924a33b07a5fa2835;0;0.01;st0ked;true
0x37337e16b5893278378ad5ad79c52ba84ae2e6c1;3;0x8b110a00480a4632caf02e891012421b9afe32af;0;14.06;DeadFreaks;true
0x89aef982de66fe6df58ed0251e0841ccb2da6e4a;7185;0xe8bc44ae4ba6eddb88c8c087fd9b479dff729850;0.00;16,572.75;;false
0x7b89890989d50b631322c6977c7937531460957a;8;0xe83de7de49d5a0e0e9e71ecfd8990e894005d2e4;0;0.00;ZAPE;true
0x42303cb090cbe16da228d2b1cf2886230df28b6b;4;0xc13b65f7c53cd6db2ea205a4b574b4a0858720a6;0;0.00;;false
0xab38efc6917086576137e4927af3a4d57da5f00c;2;0xc13b65f7c53cd6db2ea205a4b574b4a0858720a6;0;0.00;;false
0xd8c8cd1d68b91392dfd17d2cd120b196841e236c;61;0x93bb01435b559f28e4f254baeb3ebea1bf3396f6;0;0.00;;false
0x5dfae9ff7f132a584375a4bd3694ddc60af1082f;1;0x14cccbbf68a76d5430f8e5b6ec60fa28a73efdd3;0.00;0.00;TinyGirls;true
0x85fda8aecd0cfbbd4c63b11cf1a5c2a151e29f34;16;0xa19191fc9e9ff62b99b4c7e4a3ebbd02c6a65303;0;0.00;;false
0xe84ab061da2d944c1dd8245915e0c91d79202052;1;0xa19191fc9e9ff62b99b4c7e4a3ebbd02c6a65303;0;105.61;;false
0x0b9f531430944a9318184e4ccc1ed1278cc1ae3b;1;0xdbc320a510bcf1a8368ca38fc3ad773e259ced26;8.04;0.00;;false
0x7d1070fdbf0ef8752a9627a79b00221b53f231fa;2;0x4a6305da976f04b05d1b400b14bd3392d4b6bffd;0;0.00;Rabby;true
0xbdbef5602c0552848420b832ad0e246689f491da;1;0xa1aed6f3b7c8f871b4ac27144ade9fda6fbcd639;0;0.00;AxoBridge;false
0x49dc480b512bb675a6f0e8bbab39e47096902e4d;94;0xa1aed6f3b7c8f871b4ac27144ade9fda6fbcd639;0.00;0.00;AxoBridge;false
0x7937b1c6b19661cd4f3c91a4b6f1b5d8be722d43;4;0x662707d8f8726e94a19a7e980f0ea6df8c0aaabd;0;0.00;;false
0x43dd8ca6f882f4b80ea65df6707858a407ce5252;6;0x813c6726e40cbcdff33d27324b9ae77a4e4d43fd;0;0.00;VeryLongTown;true
0x5a1190759c9e7cf42da401639016f8f60affd465;48;0xb57fd863535525b880ff7e23cdf17644a08cb448;0;0.00;tinydinossummer2022;true
0xa92f33b15902e538a925b8316b79ffac914e10ee;1;0xc13b65f7c53cd6db2ea205a4b574b4a0858720a6;0;0.00;;false
0x6c9c0d2cb925b0bb1d8d69ba14c706978baec82d;182;0x9c21ca464a2ee450d05d605d74ad415c6baaa054;0;0.00;GaugeSnapshot;false
0x48e4aae2c9f9ef9cceb0327af35c53fa716df9d1;42;0xc13b65f7c53cd6db2ea205a4b574b4a0858720a6;0;0.00;;false
0xd22a951faf2a200e067a276bff3775eecba8af9f;1;0xe2e1f875c8db3a663576d4093564ce89c800f378;0.00;0.00;;false
0xb57e23891c545f1b697043ec5af6672765ca1adb;16;0xe2e1f875c8db3a663576d4093564ce89c800f378;0.00;0.00;;false
0xd1f28371b32c64975a7bfad9592d36d5a8db1fc1;26;0xe2e1f875c8db3a663576d4093564ce89c800f378;0;0.00;StakingRewardsProxy;false
0x990d156d511d0493a0b7c32d1af97e0c9e352acd;1442;0xe2e1f875c8db3a663576d4093564ce89c800f378;5,349.74;0.00;;false
0x95077daaea7d45a5d44ed269ec142e78aa13153b;9;0x5b770f460978c456d69bc46463dfda71feee60ad;0;0.00;LucksBridge;false
0xaa166caa2ebdda7adad54792159a24e24c5669cc;1;0xe9b2b067ee106a6e518fb0552f3296d22b82b32b;0.00;0.00;ZunamiForwarder;false
0x65246eda89e72c7802a89dfbf4e58aa23ab79d72;1;0xe9b2b067ee106a6e518fb0552f3296d22b82b32b;0;0.00;ZunamiForwarder;false
0xcb3c9fe6abff808ddf9be30df2950dd9601843ec;16;0xc5e9a48c7637002384a3355148c8687dad7fed7d;0;0.00;;false
0xf5bd12b1e7cd789756d3f922c149c7821b991ce3;4;0xe9b2b067ee106a6e518fb0552f3296d22b82b32b;0;0.00;ZunamiForwarder;false
0x6f61f45f7a3f64b0f2098cdad3bac5dc6aed8354;8;0x9cb52fac216ea138c661160863c47478f38ec2fd;0;21.10;oni;true
0x7ffe2672c100bfb0094ad0b4d592dd9f9416f1ac;559;0x8636fa411113d1b40b5d76f6766d16b3aa829d30;0;0.00;AdvancedONFT721;true
0xf689554c1bc3dc54152a271210eef9f55979c4f6;14;0x0a159ff1be49354771c180a5c91671c152901302;0;0.00;GutterPunksOmniHelper;false
0x962b4d8b1f8940d6a67399dc3a8d7549250888b8;2205;0xe2e1f875c8db3a663576d4093564ce89c800f378;17,816.08;0.00;StakingRewardsProxy;false
0x82be83e303ed594df25166bf485a57c4cfaaf775;21;0xe9b2b067ee106a6e518fb0552f3296d22b82b32b;0.00;17.44;ZunamiForwarder;false
0xe9dc24fbc8e53fe562eb9443885610b51f84a441;36;0x0a159ff1be49354771c180a5c91671c152901302;0.00;0.00;ProxyONFT721;false
0xdee35f89caeda89ba8bed7eca5e062581defb182;9;0x6407df3fb995418bf9118f523d4be4551283069a;0;0.00;Eighty80_l1;true
0x52bb0cd7e10603c56542143ab355ef00b01db84d;2;0xe1c646993710dfd6a5bc8609e5015a4151064d09;0;0.00;MondayBridge;false
0x4fa745fccc04555f2afa8874cd23961636cdf982;2794;0xfda462548ce04282f4b6d6619823a7c64fdc0185;6,934,247.62;0.00;TransparentUpgradeableProxy;false
0xcb60626e676ee0fd7877bce9234b220d0b020b54;1;0x7a682cdb8e30402364aebcd0a94abe74d99af1b8;0;0.00;OmniSticks;true
0x6bf209cc620ee545ed72288c0b3c9a714cb5c169;1;0x6ea4ea5c3cd5c1f77f9d2114659cbacaea97edb7;0;0.00;NFT;true
0x2a4a3494e1f8d8fd3eef2b53c6105f2bb0c07322;183;0x90a4a90e6faf88c4d709f666d26793f9e2b47183;602,907.52;0.00;CPOOLProxyOFT20;false
0xd06712108dacee3bfea6bace8f6ee8c06491b843;37;0xe9b2b067ee106a6e518fb0552f3296d22b82b32b;0.00;57.41;ZunamiForwarder;false
0xc72633f995e98ac3bb8a89e6a9c4af335c3d6e44;15;0xf285e70ca2002b796a575e473285282bbf39d790;0;0.00;OmniseaToken;true
0x15e62434aadd26acc8a045e89404eceb4f6d2a52;37;0xc13b65f7c53cd6db2ea205a4b574b4a0858720a6;0;0.00;;false
0x98434eb1f04ab5dfbeacba6c978b78e72c6df744;1;0xc13b65f7c53cd6db2ea205a4b574b4a0858720a6;0;0.00;;false
0x70abb921bf4ffd2a586d98c51a6273a9527dcbbc;9;0xc13b65f7c53cd6db2ea205a4b574b4a0858720a6;0;0.00;;false
0x67e82738f07d9063cacf69f853a0e6151014620b;28;0xa1aed6f3b7c8f871b4ac27144ade9fda6fbcd639;0;0.00;BubbleBridgeEth;false
0xc53452d59956a29229d16cc27393f005d4526083;7;0x77e5c0704d9681765d9c7204d66e5110c6556ddd;0;0.00;fishbags;true
0x3e2326797d1d63802a0bb05bfe39daaacd2d48bd;2;0xc13b65f7c53cd6db2ea205a4b574b4a0858720a6;0;0.00;;false
0x6f537839714761388b6d7ed61bc09579d5da2f41;41;0x1f2414d0af8741bc822dbc2f88069c2b2907a840;119,033.76;0.00;Lib_ResolvedDelegateProxy;false
0x06e964bd8018c6afc26d97a05d6491af4176d031;2;0xa9eac1aabe579f8e1efba6a6b0e00c23b4a374a0;0;0.00;Portal;false
0xb0003eb166654f7e57c0463f8d1a438eb238c490;40;0x1f2414d0af8741bc822dbc2f88069c2b2907a840;160,832.22;0.00;Lib_ResolvedDelegateProxy;false
0x8bcd709bab74283a23d723aba7013a2dddf738a0;1;0x3b220ede1a8c1f130c056a92eb5f1483cf4e3805;0;0.00;;false
0xc338b5b660e8a656fa92e362acac49f785cf39f5;1;0xd0abcb79b0a8ee4196f61833353300174254aa86;0;0.00;;false
0x01b6d10c09bc60d5e043d888ead896a395e210ca;13;0x1f9d367d68fc68a30062166f73512e06840ab4a4;0;0.00;RoyalCrows;true
0x7bd5ade0975ec1d46d6472ba9dcc2321c4c41311;119;0xe9b2b067ee106a6e518fb0552f3296d22b82b32b;0.00;345.07;ZunamiForwarder;false
0x1de48d49aeba6ffa4740e78c84a13de8a9c12911;85;0xf285e70ca2002b796a575e473285282bbf39d790;0;0.00;OmnichainRouter;false
0xb03a572ee91aecbdfa8cef8196bf140a1e7410df;2;0x244a807084a3eb9fd5fe88aa0b13aec8401577bd;0;0.00;Boxer;true
0x7d79c77f20dd0b2b8f8787449d0f0870f4a48806;1;0x072e42363a9b15d1ca01d48cd06e970fa70eac70;0;0.00;OmniCounter;false
0x1a36e24d61bc1ada68c21c2da1ad53eab8e03e55;125;0x1f2414d0af8741bc822dbc2f88069c2b2907a840;794,039.09;0.00;Lib_ResolvedDelegateProxy;false
0xe98ffefc7c73d1c537b2f74989df9ada4d6e7fa5;56;0x9c21ca464a2ee450d05d605d74ad415c6baaa054;0;0.00;GaugeSnapshot;false
0xee381e476b4335b8584a2026f3e845edac2c69de;110;0xac0248e9c78774ba0ef9e71b1ce1393a10c17e3c;369,737.40;0.00;ProxyERC20;false
0x2f05e799c61b600c65238a9df060caba63db8e78;258;0x98422d38f6c408d0224b8fa4588b807ca5e66b17;0;0.00;;false
0x9dd4202aa5ee9625d1eaa671e2294014dd434e7e;3;0x1f2414d0af8741bc822dbc2f88069c2b2907a840;33,846.55;0.00;Lib_ResolvedDelegateProxy;false
0x25f384961ceac7708bf0bf4d4bf7c2daa2f56903;6;0xa299fe43186b0a0ff69cfe26328055f128934585;0.00;0.00;BasedJToken;true
0x2a80ea2a879c11e105b72587754e2b23b376069d;10;0x43fa89b3b0190d7f636c0f9154e720a77bff617c;0;0.00;;false
0x358121f34fc519feedbcb213306def587bd003e4;1;0x3e6a203ab73c4b35be1f65461d88fb21de26446e;0;0.00;;false
0x412db7a03fbc876f4cbf0eedc9dcde85d4b65eac;1;0xef44e821f6c252b5d06b5759e8c41a9c3e315be0;0;0.00;;false
0x64cb5b38dced932c52b5a7a8ac49cec11d30f7b9;1;0xef44e821f6c252b5d06b5759e8c41a9c3e315be0;0;0.00;;false
0xb335651b1fe9f35f125793d657f704dd2e0c19dc;1;0xef44e821f6c252b5d06b5759e8c41a9c3e315be0;0;0.00;;false
0x9ebcc58dc875cdc3ed909e3ee597ea552ed86380;1;0xae715076fe9dde358bd6945868a717eebdcdd9b6;0;0.00;ProxyERC20;false
0x4f52b41a778761bd2eea5b7b7ed8cbdaa02cef3e;490;0xac0248e9c78774ba0ef9e71b1ce1393a10c17e3c;375,182.57;0.00;ProxyERC20;false
0xab89d3c2207c97a8b6823421149a389fc04ebcab;1;0xac0248e9c78774ba0ef9e71b1ce1393a10c17e3c;0.00;351.80;;false
0x1edb8bded80e1b87ed19ee7d97ee80b4fdb615c1;1805;0xac0248e9c78774ba0ef9e71b1ce1393a10c17e3c;0.00;89,908.70;;false
0xad7514b8b1eadfad8b1ff0873dba52e304c87446;11;0xac0248e9c78774ba0ef9e71b1ce1393a10c17e3c;60.15;0.00;ProxyERC20;false
0xbaae1e6093a62ee6c0be2ecfc8cad75364ba1a7d;1;0xa8e54201b4947a9b7572b65d8c79905db7925c34;0.00;0.00;TransparentUpgradeableProxy;false
0x50002cdfe7ccb0c41f519c6eb0653158d11cd907;67716;0x9f403140bc0574d7d36ea472b82daa1bbd4ef327;22,278,853.62;111.54;TokenBridge;false
0x1e41852023a9540dd544ab1853c28d5bffd9b5fb;2;0x662707d8f8726e94a19a7e980f0ea6df8c0aaabd;0;0.00;foo2;true
0xf6a097b278383ef0a800abd7d700b29b159b19b5;226;0xac0248e9c78774ba0ef9e71b1ce1393a10c17e3c;8,314.36;0.00;ProxyERC20;false
0xab29422593a2044daa02150c9bb145d587cf4fdb;11;0xac0248e9c78774ba0ef9e71b1ce1393a10c17e3c;71.21;0.00;ProxyERC20;false
0x7b0c1ddbef7ce61911208f84cfc0bcd1184236d0;9;0xac0248e9c78774ba0ef9e71b1ce1393a10c17e3c;39.27;0.00;ProxyERC20;false
0x0486d2c4e7be28c8b45459dcb23de077c03b299d;10;0xac0248e9c78774ba0ef9e71b1ce1393a10c17e3c;18.59;0.00;ProxyERC20;false
0x3e843802863904cb57c8f0f810e430a49c841d02;9;0xac0248e9c78774ba0ef9e71b1ce1393a10c17e3c;16.11;0.00;ProxyERC20;false
0x85ba92e2ade9ef7857850c7c0e6f7ac441fa6e57;5;0xac0248e9c78774ba0ef9e71b1ce1393a10c17e3c;24.86;0.00;ProxyERC20;false
0x34770eed313fa21c871b9d00f120fe1d9ab5f0da;1;0xa48c81f440b427a3abfed5e692020bb5020da6ea;0.00;0.00;;false
0xc1dcc70e27b187457709e0c72db3df941034ec6f;24;0xb57fd863535525b880ff7e23cdf17644a08cb448;0;0.00;;false
0x85db5268403700e901285e8b8fb0cadf4212b95e;103;0xac0248e9c78774ba0ef9e71b1ce1393a10c17e3c;438.68;0.00;ProxyERC20;false
0x234784ec001db36c9c22785cad902221fd831352;485;0xac0248e9c78774ba0ef9e71b1ce1393a10c17e3c;0;0.00;ProxyERC20WithMint;false
0xab6ebe9472e2e4b6fe720dad16701f32ab905cc6;16;0xac0248e9c78774ba0ef9e71b1ce1393a10c17e3c;49,462.11;0.00;;false
0x128aedc7f41ffb82131215e1722d8366faad0cd4;147;0xac0248e9c78774ba0ef9e71b1ce1393a10c17e3c;4,841,899.41;0.00;ProxyERC20;false
0x45704edabe7d2e038c35876dd3b6789511e452cf;8;0x97254b56c92a91cc9596219993c69fcb745db64c;0;864.10;lzCore;true
0x2a2fd53c3c056d87c5721cb5f3627e90efd66e7c;7;0xc37f886519039db75e10ee4dddd9cd8215c6caa8;0;0.00;;false
0x0b3a28138f36afa3b0786f0a1a320ccd95368450;4;0xc37f886519039db75e10ee4dddd9cd8215c6caa8;0;0.35;;false
0xa4eecb95ce7a18b576483e693efa0af03de2d937;2;0xc37f886519039db75e10ee4dddd9cd8215c6caa8;0;1.96;;false
0xbf98dc27cd14edfdd972944856cc9eb197cdb2f5;4;0x8d2048cfda4d91591ab8db59a4a97dc169873545;0;0.00;UUPSProxy;false
0xde6cc250a519592cd64f0673c290dff6ae930b72;17;0xc13b65f7c53cd6db2ea205a4b574b4a0858720a6;0;0.00;;false
0x959293b37d785b677de4b14203d3f512556c56ee;13;0x052269740fba1391d02b0da94c0ead53cc212a44;0.00;0.00;TransparentUpgradeableProxy;false
0xf1bb87563a122211d40d393ebf1c633c330377f9;196;0xc7f8d87734ab2cbf70030ac8aa82abfe3e8126cb;1,328,341.51;12.67;PremiaStakingProxy;false
0x9a9f10c8d28faf74358434ec7916acc25dbb41ca;37;0xe9b2b067ee106a6e518fb0552f3296d22b82b32b;0.00;220.03;ZunamiForwarder;false
0xbc643105ef061f945cb9bb4f3efae61881ff54fb;13;0x42d9f8389dff1c8ce1f9a9fa238d578005426bcd;0;0.00;TransparentUpgradeableProxy;false
0xd9ac54a46105a94ea5fd30f718cbcc7acca9d3ee;17;0x44288150669202dc70aa8cf0877f9467d3952d7f;0;0.00;ERC1967Proxy;false
0x2297aebd383787a160dd0d9f71508148769342e3;978;0x01c28a1b29098175fd5c74f6dd9225b0853325fe;0.00;0.00;BTCbOFT;true
0xd8ef449367142831ee581c0ce6c9c4f8f78c9ab0;497;0x052269740fba1391d02b0da94c0ead53cc212a44;0.00;0.00;TransparentUpgradeableProxy;false
0x4524051687b6ff963bd4316a6b7215f39f029196;44;0xe6d866769e164a831aaa709190958188bdcb9e10;0;0.00;CSMCrossChainRouter;false
0xbfe93f778ce1b69af3014192f45a32d4fd3d982a;1;0xae9ea6fe14a0f24e89116756452ca7c17fa6787a;0;0.00;;false
0x35d4c2e03c52aebb9cbc64601bd53886e7d565c5;4;0xd2afafce08a017bc0cdf5e69976657b41b39993c;0;0.00;LzApp;false
0xa30e8e5ed0b69197e03841734944552680a88f86;2;0xae9ea6fe14a0f24e89116756452ca7c17fa6787a;0;0.00;;false
0x76affb7e75d59b7d816c19a5e5ad6f75a66ebe54;16;0xd2afafce08a017bc0cdf5e69976657b41b39993c;0;0.00;LzApp;false
0x7a04c0d1d07b3e3fc2d31a405f44b1a729cf16a6;10;0xac0248e9c78774ba0ef9e71b1ce1393a10c17e3c;0.00;0.00;ProxyONFT721;false
0xe8a1f6fce215b83c9ab6ae96ead4b4d0728ec2e2;26;0x092a9fafa20bdfa4b2ee721fe66af64d94bb9faf;0;0.00;;false
0x8799c7fefb44b8c885b489eb38fb067c75eba2ab;22;0x2c10ac0e6b6c1619f4976b2ba559135bfef53c5e;0;0.00;PbProxy;false
0xb5d4d94b82722eafe067887a2fb596bb37b3aad2;54;0xac0248e9c78774ba0ef9e71b1ce1393a10c17e3c;27,516.90;0.00;ProxyERC20;false
0x07b6eb9d3be334098e5af77185344bb3a34e0017;11;0xac0248e9c78774ba0ef9e71b1ce1393a10c17e3c;14,538.52;0.00;ProxyERC20;false
0x95320729c908dbf314550fcb77cb9859d0ebbd3a;3;0xac0248e9c78774ba0ef9e71b1ce1393a10c17e3c;3,044.56;0.00;ProxyERC20;false
0x242d6e16653b30c830c1918b5cc23d27253b2d26;13;0xac0248e9c78774ba0ef9e71b1ce1393a10c17e3c;9,496.63;0.00;ProxyERC20;false
0x36d74506e4dfdc4e6ceae0effa3a5333bd72ddcb;2;0xac0248e9c78774ba0ef9e71b1ce1393a10c17e3c;601.39;0.00;ProxyERC20;false
0x905582f21fb9855c809d5b8933272a292dfbb138;2;0xac0248e9c78774ba0ef9e71b1ce1393a10c17e3c;13,528.27;0.00;ProxyERC20;false
0x1056178977457a5f4be33929520455a7d2e28670;436;0xfda462548ce04282f4b6d6619823a7c64fdc0185;39,318.63;0.00;TransparentUpgradeableProxy;false
0x4bae6875cb835d78de2821b2a90137ebf677bab3;1;0xce575de2c04618511ce3e984b9b2655aa6385231;0;0.00;OmniCounter;false
0x20f4b902b0b64c4cef75a67a811484b5aaa9cc2e;8;0xe8bc44ae4ba6eddb88c8c087fd9b479dff729850;0;315.04;;false
0xc6005ccc1de4b300d538903b74848bff881d5dc5;1;0x02f59e24d45fb2a9f976e4254fb947535f8a46b7;0;0.00;OmnichainFungibleToken;true
0xbd1fcdf5011ccdc881fb0739e764b338f81771e0;3;0xaba88627a5197df7b58d959b7d9ce54ce04c95d8;0;0.00;;false
0x8c50257fb5d8c6b01d24c4ff5aebfda46b651fdf;28;0x57b7ab9e50066f2f964ad4ce649ee907b00006f6;0;0.00;;false
0x89e83f99bc48b9229ea7f2b9509a995e89c8472f;18;0xb57fd863535525b880ff7e23cdf17644a08cb448;0;0.00;;false
0x8bb765ae3e2320fd9447889d10b9dc7ce4970da5;6;0x6f782fb2e2c7ca617612ae111634023dddbb47d2;0;14.09;TinyDaemons;true
0x069481db4f4d03d83d63c743836359ba868fa600;9;0xac0248e9c78774ba0ef9e71b1ce1393a10c17e3c;1,380.33;0.00;ProxyERC20;false
0x50ed722744d883a54e36dca49ba3cebcb1da1957;2;0xac0248e9c78774ba0ef9e71b1ce1393a10c17e3c;4,137.38;0.00;ProxyERC20;false
0x908da814cc9725616d410b2978e88ff2fb9482ee;77;0x5608ae4d9b19c4dabc7521212ec143e7d2f0aeca;0;0.00;StateHandler;false
0x803305930c1bbae396d03f496a7bf53ad7fd4303;39;0xc0ffee78121f208475abdd2cf0853a7afed64749;0;0.00;LayerZeroModule;false
0x709f374f4e1a9771609a464f4512302b4c9203f5;3;0xefbd25c27887f0d3adf0c1d3c0c5025bd2cd74bb;0;0.00;;false
0x1fdc0c9eaac29c93b7dee2cf3200b49079cec94a;76;0x42d9f8389dff1c8ce1f9a9fa238d578005426bcd;0;0.00;TransparentUpgradeableProxy;false
0xda4d7fed229c3ce25f55647981c06a26edfd2ad0;5;0x2d1619915e9fe394c18c9abcceed2574f681799f;0;0.00;LayerZeroGateway;false
0xc7eb635b699c9b43aa741c6aec5cb15cae88d8fe;1;0x56ebc6ed25ba2614a3eaaffefc5677efac36f95f;0;0.00;PingMock;false
0x74ccbe53f77b08632ce0cb91d3a545bf6b8e0979;46;0x43834c6a65c64a4529e048ba55a685ff5aa43cb4;0;0.00;ERC1967Proxy;false
0x16e86206d3fb0bfd96803f8cf78354ba6d46515d;13;0xac0248e9c78774ba0ef9e71b1ce1393a10c17e3c;6,469.99;0.00;ProxyERC20;false
0x78d7480afcb1c2310917fda95e96ca4e1c06ccff;148;0x761a1afb33d1a9caef47144374c251f02234bdf1;0;0.00;LayerZeroPipe;false
0x9d93bbbc884948ed552c45a68d0c235b0ac2eb5f;1;0x6f71f4f0a8628e2f99325309456a096b502a4dd4;0;0.00;LzApp;false
0x611747cc4576aab44f602a65df3557150c214493;4843;0x5e8628341c602f166bc34dea16e93b20fef3f4d1;0.00;0.00;LilPudgysProxyONFT;false
0x72e0ab15aa457b1d2639f9411ea395a94fa57dfa;50;0x6f71f4f0a8628e2f99325309456a096b502a4dd4;0;0.00;LzApp;false
0xa77f5002174ea476012cd8e1708a9a0e9b4c9fdb;1;0x06a6c3772acd3e6cb2c5781db11714e5512f905c;0;0.00;OmniCounter;false
0x15ee093ff412b412461ad79c47fb026b6994ad45;10;0xc48cab17fcb3eb38030bc4ea54b62353d2802ba8;0;0.00;;false
0x4f7a67464b5976d7547c860109e4432d50afb38e;6421;0x5e9bf1dd74b4d25b7009af11582f537b08ea3d3c;0.00;238,080.28;NativeOFT;true
0xa41a879bcfdd75983a987fd6b68fae37777e8b28;10;0xec36df3f0fe20317d83425b0c34534350e84ec4e;0;0.00;Main;true
0x326f5834d73a2dc02b3c492e9ef1b24399d430b3;17;0x839378ecd2da97dde38eea690998e17d120dae35;0.00;0.00;StargateToken;true
0xdd69db25f6d620a7bad3023c5d32761d353d3de9;61197;0x5e9bf1dd74b4d25b7009af11582f537b08ea3d3c;4.31;0.00;OFT;true
0x8bbcce0a963a7ccca5f3b3be1a268e9f97c682ab;146;0x73f6d60439046681f4ce35665583a39f25e138b0;56,897.86;0.00;ProxyOFT;false
0x3b0dc84d8f8dcfae6dbede931defc278f9419085;28;0x0a66ad3cbf27de2f6252d166f38ea8e8245a8c41;0;0.00;;false
0x1abd5990e2923be4fec9e33ddc787b1764f79534;1;0x6adcbd5930f619896038bfcf12e27de295887322;0;0.00;OFTV2;true
0x0e9bdcc71b8498a9f39e0307d6651d9502fcd3c1;1;0xa916c9e7032217d35d44455b6cc72ec99ca6b0ab;0.00;0.00;TestONFTProxy;false
0x7eb926332aeacd89f16ff901695d176bd06bdfdf;6;0x47ef3bf350f70724f2fd34206990cde9c3a6b6f0;0.00;0.00;MainProxyLPONFT;false
0xa4218e1f39da4aadac971066458db56e901bcbde;1;0x4a8a8503360f3e44c945f34c7003b17827064e90;0;0.00;OriginalTokenBridge;false
0x188fb5f5ae5bbe4154d5778f2bbb2fb985c94d25;30;0x9e4e7f827cddb6d7f8cb52016359ce73b5a8e41e;0;0.00;OFTV2;true
0x07b1014c88f14c9e910092526db57a20052e989f;12496;0x1fccc097db89a86bfc474a1028f93958295b1fb7;0;0.00;ERC1967Proxy;false
0x6d59592d3eb04a94f206345cf3da1b14ab2de45f;3;0x582fe1d93f89524f38708297eecf1a7e20aa9ba6;0;6.32;;false
0x9bce510c580c44c55e10b87d34f808f2bd770296;1;0xf0c3f4a45ff4cd5c87c6e05eb044c1a3353423e6;0.00;0.00;TestONFTProxy;false
0x52e75d318cfb31f9a2edfa2dfee26b161255b233;4240;0x4a8a8503360f3e44c945f34c7003b17827064e90;3,061,806.47;0.00;OriginalTokenBridge;false
0x81220d913b8cf1d725f35baf888b3ce65fb693ef;9;0xac0248e9c78774ba0ef9e71b1ce1393a10c17e3c;10,458.40;0.00;ProxyERC20;false
0x1539cd835f04d21b533c3985855156305dcf2bd3;49;0xe850cfe51cf4ac329e322b9c668a813c8c428ff9;0;0.00;TransparentUpgradeableProxy;false
0x612c4b70749d941944da4dbb9d237d9f92a2f1b5;4;0x9d37884bafe966d366c24cb755136e175f2ba112;0.00;8.87;MasterCrossLedgerVault;true
0x9ed7e4b1bff939ad473da5e7a218c771d1569456;269;0x89d761935ca2d85e3a6f8d917751133ec00167c3;105.19;0.00;OFT;true
0xc530677144a7ea5bae6fbab0770358522b4e7071;1;0x2c10ac0e6b6c1619f4976b2ba559135bfef53c5e;0;0.00;PbProxy;false
0x18569b487ae14c47e50d06468ef5151f0918e00d;1;0x61ca53d27f72ec73e86981cd0b53c0b36ffe052a;0;0.00;OmnichainProposalSender;false
0xe4587891fe7547efc26a7f1f124c0d7db4c9ad9b;282;0xf35dc3505b2b150369bb267ca48a8eac36b9217c;0;0.00;LayerZeroGateway;false
0xd75149aab38173a046fc529ef1b877aeb7bf49d3;11;0xba13cd18002139a279832502b2f1b7280b8ea708;0;0.00;EternalStorageProxy;false
0x8d8f6f500983ac946d711e7a85661cb701c0ce5f;9;0x4bb324adef9f60d611d140ef9407fdf5e026ce77;0;0.00;ERC1967Proxy;false
0x152649ea73beab28c5b49b26eb48f7ead6d4c898;4976;0x702099e284f23da733c03b461c7571a742782fc2;5,379.53;0.00;CakeOFT;true
0xf6f02e017870859e7265010bb6ffb0664747169f;99;0x8636fa411113d1b40b5d76f6766d16b3aa829d30;40.08;312.19;AdvancedONFT721Gasless;true
0x915f014fbcc441b61d0280d63b1e1da5ac86cbd0;5;0xfbc0271d8753db194d22a61da73b64d1737b804f;0.00;0.00;unshETHProxyOft;false
0xa8b326ca02650ac968c554d6c534412e49c92bc4;1650;0xfbc0271d8753db194d22a61da73b64d1737b804f;177,810.90;0.00;USHProxyOFT;false
0x35f899ce6cc304aedfdb7835f623a30473b26457;827;0x55638a11757cea2dd6130aa42ddc09149bdcaf84;396,959.29;0.00;unshETHProxyOft;false
0x180e4d2e7bc908aeed55ac58c1a9553846a71be9;11;0x0a66ad3cbf27de2f6252d166f38ea8e8245a8c41;0;0.00;;false
0x06b448fb849927fcec43fac01a23d16aff6c8ae6;4;0xac0248e9c78774ba0ef9e71b1ce1393a10c17e3c;2,359.15;0.00;ProxyERC20;false
0x2e773aa36bcbcc6f2be78405fee9f43d2ad10c00;1;0xf0c3f4a45ff4cd5c87c6e05eb044c1a3353423e6;0;0.00;TestONFTProxy;false
0x7de593d01d2e9eac1611ed822f823097b12cc5c3;6;0xac0248e9c78774ba0ef9e71b1ce1393a10c17e3c;2,394.13;0.00;ProxyERC20;false
0x767c2052d3e0c85fde64176a08bfdcce05114193;1;0xa40c5af83654437116929a118f47eb22a915b23a;0;0.00;OmniVotingEscrow;false
0x45aae2d903d9efb768d9373a6aeff1f6dc72971e;1;0xb36553d7148cae45093fb4f641a788bde94c628e;0.00;0.00;ProxyOFT;false
0x6ef08f3f88aa089a392fa2460543262a93d43637;4;0xec36df3f0fe20317d83425b0c34534350e84ec4e;0.00;0.00;XDON;true
0xbbe50cb78f67bda2e57d98fdb862cb5d224e7cd8;13;0x30ec55e70282ac3a032a3c7003ead8b79c76fde6;0.00;0.00;PearlClubONFT;true
0xb7f7c7d91ede27b019e265f8ba04c63333991e02;4;0xb5c0d6d35fb2d4e42c09847ebbb1aff968c7db75;0.00;0.00;BabyWealthyClubONFT;true
0xe180cec5234284130de8b3a4f9a03305bc639f31;3;0xed6a02f26d0e55a77a25d9e70389bdda459cd9cc;0.00;0.00;ONFT721;true
0x165192f89ea752f597203eeb14e8f5538bce799d;30;0xf671e064e69270a1b11414800eb6cfb74dc43b02;0.00;0.00;CyberSyndicate;true
0x45e563c39cddba8699a90078f42353a57509543a;683;0x1a5309f208f161a393e8b5a253de8ab894a67188;0;0.00;CrossChainBridge;false
0x25d887ce7a35172c62febfd67a1856f20faebb00;1254;0x58e0bc787f7e2924063e206cda344a974e9d2adc;$7,216,730.99;0.00;ProxyPepeToken;false
0xa224c9c7371e7da1e5de87bd7cb6688619c28eb2;6;0xa40c5af83654437116929a118f47eb22a915b23a;0;0.00;OmniVotingEscrow;false
0xf631b822c97740845277b207cec598b2abf0a14b;2;0x754a3c4b373bcf24895997c59d866ff0b7ae6113;0;0.00;OptimizedTransparentUpgradeableProxy;false
0xba91ffd8a2b9f68231eca6af51623b3433a89b13;1131;0xa113d3b08df49d442fa1c0b47a82ad95ad19c0fb;17,788,028.70;0.00;WooStakingProxy;false
0x4c9a7590f6c2cffc37dd6949648297acaad213c4;7;0x8c6519128f15de69db5d376c0d680984888f62df;0;0.00;;false
0x3b8f83739f71ec2d0229ab823e8a38b8244346d5;72;0xaa22e273d76c2ddd6c9790e553900a2456fb29fa;1,974,436.95;0.00;NpmBridgeProxy;false
0x3a5770733479220ca4067c12526a7cb3d1d0574e;9;0xfb3485c2e209a5cfbdc1447674256578f1a80ee3;7.95;0.00;ProxyOFTV2;false
0x428ffb34dd50f58c779d14018ba1a55b66bbce87;51;0x7d57d22bf8a1319e3cf897e1aa2347a00f11f36c;0;369.04;TransportDiamond;false
0xad78cd17d3a4a3dc6afb203ef91c0e54433b3b9d;324;0x4643ccf56721ea65b03f2bd899231c828a21d314;0;0.00;CrossChainRateProvider;false
0x8c0479c5173ddd98a22d283233f86189ccb7c027;60;0x62392388bb819b513a9c20ccc99c98c5bd8237d8;0;0.00;WrappedTokenBridge;false
0xf0f05b0e6bdfbc969f823bf434c30ba9df72438a;5;0x31024e198ac4c3079ec19625258f38167244e098;0;0.00;;false
0xd6c936e2845c836076e6dc42fa32368330e46f59;5;0x31024e198ac4c3079ec19625258f38167244e098;0;108.01;;false
0x451e6cad87757d31ee0fcd5505f58a49d72ceec4;1;0x31c8b86ec7f7198a2d0e7352a395acd37c1f3b23;0;0.00;;false
0x9ab8f7ad49cda63a03d99a1070a7166032ffe807;2;0x62392388bb819b513a9c20ccc99c98c5bd8237d8;0;0.00;WrappedTokenBridge;false
0x0456b8fd97fbba0b14272019c08c99a2f822350d;1;0x62392388bb819b513a9c20ccc99c98c5bd8237d8;0;0.00;WrappedTokenBridge;false
0xd22c1fb6b683e83c2affc7afd2f322e7ae8373a0;1;0x686c25771d9afd37f896d5127826d22d897d4e3d;0;0.00;CrossChainNFT;true
0xe241c6e48ca045c7f631600a0f1403b2bfea05ad;677;0xa5110aff41981ef4d79f9290631af0cf3493f269;0;0.00;OmniVotingEscrow;false
0xf8b6a90154d8ab85e543ab2fe10f94d4b20bc9af;11;0x30019eb135532bddf2da17659101cc000c73c8e4;77.05;0.00;;false
0xe9e30a0ad0d8af5cf2606ea720052e28d6fcbaaf;223;0xc0ffee78121f208475abdd2cf0853a7afed64749;0;0.00;LayerZeroModule;false
0x60eae3feaf9128cfb9fc83d044398de525b888c0;33;0x6a5d2bf8ba767f7763cd342cb62c5076f9924872;0.00;0.00;ProxyHMX;false
0xcd54c83759d2d55238bf742611b26a65d47f9719;4;0x30019eb135532bddf2da17659101cc000c73c8e4;0.00;0.00;;false
0xcd5f17b1fe981ba260c40c67e740b7290b50ea50;1296;0x134530e94d8c603ca627c114d2d5b206d652e895;215,428.72;0.00;OpenExchangeProxyOFT;false
0x100dacb5afb9164f9dc5d89c8f337fcbe2c29b39;8;0x15051107651f3420144d3a2412d49402c2fac3c0;0;0.00;;false
0x058c257ae7c4bf5900e35fc84a98d2d2cffc319e;2;0x31024e198ac4c3079ec19625258f38167244e098;0;0.00;;false
0x401ab0186ac50274c9d581ba9423643c2e69ebdf;2;0x31024e198ac4c3079ec19625258f38167244e098;0;2.80;;false
0x057c6c17c1ea13fd4372d1e2592db7cb92c3f4a4;4;0x175e79766f7d27debe5787ab12a0afc9488f68e0;52.75;0.00;OriginalBridge;false
0x18c61629e6cbadb85c29ba7993f251b3ebe2b356;9;0xc493bd1d8d794357e79da84613b67533afc4d337;0;0.00;TransparentUpgradeableProxy;false
0xc1235796b310106f46c2352e0c93fde50fbacdb6;30;0xfb3485c2e209a5cfbdc1447674256578f1a80ee3;172.01;0.00;LzProxyOFTV2;false
0x83e817e1574e2201a005ec0f7e700ed5606f555e;363;0x0cdb34e6a4d635142bb92fe403d38f636bbb77b8;0;0.00;mPendleOFT;true
0x439a5f0f5e8d149dda9a0ca367d4a8e4d6f83c10;1756;0xfb3485c2e209a5cfbdc1447674256578f1a80ee3;101,684,245.20;0.00;LzProxyOFTV2;false
0x5789002d477ad9e0d9c803b66a99cbb6fad60fd7;4;0xc13b65f7c53cd6db2ea205a4b574b4a0858720a6;0;0.00;;false
0x2080e3694fc455c63e8580f2a5ce9b29de5e73bf;11;0x15051107651f3420144d3a2412d49402c2fac3c0;0;8.44;LzMailer;false
0xc0d44fc085873a0b2639b5a5a8b7832a2b657769;10;0x15051107651f3420144d3a2412d49402c2fac3c0;0;5.62;LzMailer;false
0xbf782f6eb61d617f7f72b978329339aa728d21db;95;0x15051107651f3420144d3a2412d49402c2fac3c0;0;0.00;LzMailer;false
0x7ea2c4d09ab095eebde5890a08869167bc762ec3;272;0x15051107651f3420144d3a2412d49402c2fac3c0;0;2.81;LzMailer;false
0xb385bbc8bfc80451cdbb6acffe4d95671f4c051c;321;0x4643ccf56721ea65b03f2bd899231c828a21d314;0;0.00;REthRateProvider;false
0x7dedbce5a2e31e4c75f87fea60bf796c17718715;422;0x0cdb34e6a4d635142bb92fe403d38f636bbb77b8;0;0.00;PenpieOFT;true
0x3abb0b9ec6447482b0cdd8fe5f365230b4ab9a37;4;0xd70811f1e4992aa051d54e29a04c8925b32fba7d;0;0.00;CrossChainPrice;false
0xdf9a80f5e3e83a0651e09ff5761b4802789e0952;4;0x952ba29224acdbf783cd76fb49e5eca871ef851a;0;0.00;;false
0xb401f0cff9f05d10699c0e2c88a81dd923c1ffff;1901;0x30019eb135532bddf2da17659101cc000c73c8e4;1,549,193.30;0.00;AuraProxyOFT;false
0xdf9080b6bfe4630a97a0655c0016e0e9b43a7c68;675;0x30019eb135532bddf2da17659101cc000c73c8e4;0.00;0.00;AuraBalProxyOFT;false
0x18385240632282bb38c2f6f279c9c2735da38cf6;388;0x59390ec80dd31a44c4761c04b33687d7e3a2897a;0.00;0.00;MafiaNuts;true
0xaa54f3b282805822419265208e669d12372a3811;574;0x30019eb135532bddf2da17659101cc000c73c8e4;48,661.02;0.00;L1Coordinator;false
0x65f92852b7429990302aeb869c9746e2e19e8742;1;0xf951ba8107d7bf63733188e64d7e07bd27b46af7;0;0.00;HoneyJarPortal;false
0x2e5221b0f855be4ea5cefffb8311eed0563b6e87;1;0x7e078f7dd4ae66850b8aedcc1547896a63a38b61;0.00;3.40;NativeOFT;true
0xe71bdfe1df69284f00ee185cf0d95d0c7680c0d4;818;0x7e078f7dd4ae66850b8aedcc1547896a63a38b61;0;0.00;OFT;true
0xdf5c2c48cf3e50417b31da8aa7b6afd0ce30af8a;20;0x48a4373e8fcbb9db56dace646a0521a871107f94;610.12;0.00;WETHProxyOFTV2;false
0xa187a431fc7eb96d52f972b08000b12cff8ecc33;4;0x48a4373e8fcbb9db56dace646a0521a871107f94;2.01;0.00;USDCProxyOFTV2;false
0xe79d22c33a37ea9e0bda0226e0eae2f98ae0e393;2;0x48a4373e8fcbb9db56dace646a0521a871107f94;0.51;0.00;USDTProxyOFTV2;false
0x4385588ceb7ce866f871a8fb83898dc14089f359;8;0x48a4373e8fcbb9db56dace646a0521a871107f94;39.43;0.00;WBTCProxyOFTV2;false
0x836179e1759f7fdf724ba8396375e5b641b6dd99;6;0x952ba29224acdbf783cd76fb49e5eca871ef851a;0;0.00;;false
0xb6d3edcd732f81e21ce8430a8f2b2e07ce0b2e28;111;0x1b2d86d26804369e721ea7a55dcfbee7dbbd5822;0;0.00;;false
0x56c03b8c4fa80ba37f5a7b60caaaef749bb5b220;812;0x163a1fcf136081a3a2dcf3c18976c1e03c561ee6;0;0.00;CantoOFTV2;true
0x885f0a0e5cd0bdb3e58995aad80e6c6bc2823dcb;471;0xe35d7118b1e7e5f5c815112f7332cd8c55dda705;396,700.15;0.00;WNCGProxyOFT;false
0x6f484eacd997d9880205af22f6a4881ea0e1ccd7;463;0xc0ffee78121f208475abdd2cf0853a7afed64749;0;0.00;LayerZeroModule;false
0x7448c7456a97769f6cd04f1e83a4a23ccdc46abd;1682;0xdc01145f6fc147f56c0188a848b0674a9d61bc29;1,443.35;0.00;MaverickToken;true
0x0b7f0e51cd1739d6c96982d55ad8fa634dd43a9c;2857;0xfd656611b3a99d6599f4c33838704f97962c3ce7;0;0.00;OFTV2;true
0xa8c6b0d3a06e834a8f0f70603625a475b87703a0;700;0xfc8d2f6d1937cd4ccaad5c26fbb42a3dfc9dac85;0;0.00;GravitaProxy;false
0xb10b88218e288cda2218d8b4cc81899ee5af4600;17;0xea9b1ed511632e48ddd3e5a231cd2f5f3a3a4a9b;0.00;0.00;TransparentUpgradeableProxy;false
0xa8a031471b471f568dfab27cbadaa66609c77315;11;0xff488e57dea73dd92f191a4ebba99434474b8c8c;0.00;0.00;OmniPENGZ;true
0x28a92dde19d9989f39a49905d7c9c2fac7799bdf;2578;0x48a4373e8fcbb9db56dace646a0521a871107f94;12,204,801.84;0.00;USDCProxyOFTV2;false
0xcc1b99ddac1a33c201a742a1851662e87bc7f22c;643;0x48a4373e8fcbb9db56dace646a0521a871107f94;205,172.43;0.00;USDTProxyOFTV2;false
0xf1648c50d2863f780c57849d812b4b7686031a3d;148;0x48a4373e8fcbb9db56dace646a0521a871107f94;334,241.30;0.00;WBTCProxyOFTV2;false
0x92cc36d66e9d739d50673d1f27929a371fb83a67;1258;0xa2ec022d89b0a80012c2446b0e8e5ff12f88dfc1;13,330,921.90;0.00;WagmiToken;true
0xad4294bcfdea6ceb2a4158a38a1a84a6c1a04052;262;0x15051107651f3420144d3a2412d49402c2fac3c0;0.00;718.62;OptimizedTransparentUpgradeableProxy;false
0x272dfd47b3a4bc77dd8a667a327f1aca15305fcc;1525;0x5e0fde554be338e3682b7c3f724ade791d3e80ca;0;0.00;LayerZeroGatewayV2;false
0xf7cc345aa2ccda40403af0b57341ab7fa74b7eea;5;0x48a4373e8fcbb9db56dace646a0521a871107f94;15.70;0.00;DAIProxyOFTV2;false
0xbd245bac654cdb5476cf01c3a87a97eba81ad46d;1;0x3db15f334d72ca001b24235cae104145fc2bd503;0;0.00;XXX;true
0x91a40c733c97a6e1bf876eaf9ed8c08102eb491f;90;0x48a4373e8fcbb9db56dace646a0521a871107f94;8,875.44;0.00;DAIProxyOFT;false
0x695921034f0387eac4e11620ee91b1b15a6a09fe;718;0x48a4373e8fcbb9db56dace646a0521a871107f94;1,519,484.70;0.00;WETHProxyOFT;false
0xf80e51afb613d764fa61751affd3313c190a86bb;293;0xd0fe1538031f5647b1846d35b36f22e7317a1e35;50,930.38;0.00;Altitude;false
0xc7ae4ab742f6b0b203f6710c87677005bc45ad01;46;0x48a4373e8fcbb9db56dace646a0521a871107f94;175.75;0.00;CRVProxyOFTV2;false
0x0a1d3e7a21d4dac9c58e80d51d9d34018b900e8b;1;0x7af41c524b8d4a59faf8a9ea2f11b1674f1b2112;0;0.00;TcMav;true
0x83415985afada556689b1675cb468b9390b2db67;4;0xdf826ff6518e609e4cee86299d40611c148099d5;0;30.26;PingPong;false
0xe15bcb9e0ea69e6ab9fa080c4c4a5632896298c3;136;0x48a4373e8fcbb9db56dace646a0521a871107f94;136,136.05;0.00;BALProxy;false
0x52e3a2ae070e1428cb3b9b95608812cf652db7ca;10;0xa9df2594fb8ab413a73cceb4cac69e3ad54fcc4b;0;5.97;TransparentUpgradeableProxy;false
0x66decab9413f50e6d8476ecd6fccc2ab4a5d08ef;631;0x537ea7db2c0b1dcc8d276d34100a94225e9ce40d;0;0.00;TransparentUpgradeableProxy;false
0x0bfbcfbcd74478136c5257d0902bdcdcad84de17;4;0x68176e88471d279a4cff57505f034f94e24744e2;0;0.00;TransparentUpgradeableProxy;false
0x6aad18a3cafb04b9a70761943796ecc179a1d933;2;0xeaf6183bab3efd3bf856ac5c058431c8592394d6;11.99;23.66;TransparentUpgradeableProxy;false
0xaa798bf5ec09b6e3bc059ea4d36d4ca53e063ef7;13;0x48a4373e8fcbb9db56dace646a0521a871107f94;1,273.78;0.00;crvUSDProxyOFTWithFee;false
0x2ff6a890249bcc6ab071c17a66db4c327154604c;3870;0x8fe3a2a5ae6baa201c26fc7830eb713f33d6b313;0.00;1.40;L2Marathon;true
0x30c764bcf82d67a75b6d633e1c053e862e1a7e9f;1;0xc1ea52ecda636686c2a800035ba9fda31e9b63ac;0;0.00;LayerZeroSender;false
0xf90a3df38d042854eb9755bfce809f5b43872586;1;0xc1ea52ecda636686c2a800035ba9fda31e9b63ac;0;0.00;LayerZeroSender;false
0x62351b47e060c61868ab7e05920cb42bd9a5f2b2;1;0x344a908d1a7b7d06b7ad7169c1db81fc9d496de9;0;0.00;LayerZeroBridge;false
0x664e1cc564aaca017c0d4c47d1b720a73aa83e10;8;0x344a908d1a7b7d06b7ad7169c1db81fc9d496de9;0;0.00;LayerZeroBridge;false
0x237578446231124db68c409c03a1e5c1bc64da1a;1;0x1fccc097db89a86bfc474a1028f93958295b1fb7;0;0.00;;false
0x5696f8ccdcd99e3e15f8233b2f37a6aab49b5d1d;1;0x1fccc097db89a86bfc474a1028f93958295b1fb7;0;0.00;;false
0x496f441bc37f896b033af00fc7061dd4ad097471;3;0x71aab3e43c47c52e46e61614f1ebe74dd0d99c04;0;0.00;WeSeeGhosts;true
0x1f4e33199209ee2182052220e441f9df85d4da19;3;0xb814edb8989c72bf2011d4c580e6bb70726a0ac7;0;0.00;ProxyONFT721;false
0xe26c39459f5c737659346dc8fb0be74fc118774f;1438;0x8fe3a2a5ae6baa201c26fc7830eb713f33d6b313;0.00;0.00;UltraMarathon;true
0x7f50ff5d932826405a8a61637a1de5cea5b8de85;3;0x39143cc85d4cf0e31849987aa9f68c621282820c;0;0.00;Sifu;true
0x104fd294cd556d1e5fd98661735d5cc92250fa45;93;0x2c197f64faff3b3dfbf3042ee13322a39d7b77cd;7,186.71;0.00;OriginalTokenBridge;false
0xa10bf0aba0c7953f279c4cb8192d3b5de5ea56e8;24;0x5b0390bccca1f040d8993eb6e4ce8ded93721765;0;0.00;TarotOFT;true
0x3fadadf8f443a6dc1e091f14ddf8d5046b6cf95e;6;0xb42fba3da9fbc1fc7d07b855889f8843f5a16fd5;282,092.13;0.00;TransparentUpgradeableProxy;false
0x25cd496d66708166a06da16ed641dd286ce76815;153;0xb42fba3da9fbc1fc7d07b855889f8843f5a16fd5;2,239,384.41;0.00;ProxyOFTPool;false
0x0c5f4b16378dfbb71102db10745b79b2dc22b03d;45;0xb42fba3da9fbc1fc7d07b855889f8843f5a16fd5;2,488.29;0.00;TransparentUpgradeableProxy;false
0xc31813c38b32c0f826c2dbf3360d5899740c9669;296;0xf1864c19d06fc678189e6cb2796e30485c2ba275;3,228,455.58;0.00;ProxyOFTWithFee;false
0x788d86e00ab31db859c3d6b80d5a9375801d7f2a;584;0x2c197f64faff3b3dfbf3042ee13322a39d7b77cd;0.00;0.00;Tenet;true
0xa33a96f6bf3fc66f6fc69045d24394167b199631;2;0x28e0f1ba236392fbd53222247cefb020142d007f;0.00;0.00;OREZ;true
0x0d49bfaecdc01d399309bb9d97766987ba9eb8da;22;0xf1900d65b65e5dd92dc90e09704e6317466282e6;0;0.00;;false
0x248b960a98afd52b5554c2ade535ffef63b7e35d;21;0xf1900d65b65e5dd92dc90e09704e6317466282e6;0;0.00;;false
0xce9f3e9dd01cc4c8a37f9a11389bdcb687ce4f9f;1;0x40d61e0ea1c06667d4e48a2ccb6c03481a6581c8;0;35.11;;false
0x6da76810ce2ceaf29beae69371d36925aab1a40d;1;0xe2f56471c0066ed95e2d02fd948b83fb95709577;0;0.00;debasebridge;true
0x77c5288f5c75bb42e6826c57ad8871504d87b1a1;1;0xc1ea52ecda636686c2a800035ba9fda31e9b63ac;0;0.00;;false
0x6c0b6cdbf6e1910cd5821440872a6c6145526658;117;0xa9c39ac486f28c2b8cd900a5e6c8274049bb1448;0.00;62.84;BaseBridge;false
0x3118d9776af8953ab252ba1b1f7a1d5f24101127;12;0x565336703d10178b375338e8026e820aee2daea5;0;0.00;OptimizedTransparentUpgradeableProxy;false
0xc3d9619463379dfd252309ef75d27d2ba96f388c;88;0xa1dfceed349e2d913dd44bd7c19cec3a1b652735;0;0.00;MintDeposit;false
0xb92d5ba343396599076a52bb95d0029286b8f463;154;0x2c305888a456e7004663bc12a74395e637eabcbc;0;0.00;IndirectOFT;false
0xcba4c870818782586864102cd7e0a1607294d1ea;25;0x9d37884bafe966d366c24cb755136e175f2ba112;0.00;126.25;MasterCrossLedgerVault;true
0x8d41424694e9b4c41f6a39c0a20369a71e0a6280;66;0x000755fbe4a24d7478bfcfc1e561afce82d1ff62;0.00;0.00;ProxyOFT;false
0xcb58d3ecea854bc34ffc25c70bd819a15dbae96e;1;0xbb062ab18c5a95f1fd242be3c86dcf765c8fa256;0.00;0.00;bridge;true
0x8c223a82e07fecb49d602150d7c2b3a4c9630310;25;0xcd0b087e113152324fca962488b4d9beb6f4caf6;0;0.00;NFTEarthOFT;true
0xd918d7e9770b124f7b86add79c48703f6f5344a2;6;0xdf1d00bc5bea1e716a3018bcea53e32ff4b76d9b;0;0.00;;false
0x7c977d14535357087eb4c0c07bd396d4d50489d9;1;0x02f086dbc384d69b3041bc738f0a8af5e49da181;0;0.00;;false
0x8dd09822e83313adca54c75696ae80c5429697ff;39;0x6674bc65df8bd4f5b495c1dad35543eb6c4eb674;0;0.00;Sifu;true
0x777c19834a1a2ff6353a1e9cfb7c799ed7943a11;1291;0xc0ffee78121f208475abdd2cf0853a7afed64749;0;0.00;LayerZeroModuleProxy;false
0x51ad7fe22a4a7cef856f655cd2ff8e1d492fb8b0;3;0x00b97496700288c1bceb90ecc04a40c4aeac8bb4;0.00;0.00;OmniseaUniversalONFT721;false
0x39f05c39902a9b265dcb4c59418657cdb9913c23;8;0x02f086dbc384d69b3041bc738f0a8af5e49da181;0.00;0.00;ParallelAlphaProxy;false
0x812ee859c90df6919db030ce9343fafeefdc215c;3;0x9019bd2e9c7e37c2e79ce96f1c884785ecb6cf65;134,988.00;0.00;ProxyOFTWithFee;false
0x0a389feeaea0dff7ec05f269de31147b4934452f;7;0x344a908d1a7b7d06b7ad7169c1db81fc9d496de9;0;0.00;LayerZeroBridge;false
0x19de553a8cffcff8cb49e236c1a499f9cf083b97;33;0xeaf9f533871b07b151883908b4fb6eef4b51a95f;0;0.00;LongNecksONFT;true
0xecb42c2b9e5a3f35d9fad62f5e2bc102c105946b;4;0xd1edcf6735ccf4e987404efc9bbb6ca6d458c4d3;0;25.10;GenesisTransfersCallback;false
0x94ff3a4d9e9792dc59193ff753b5038a14c59570;5;0xc13b65f7c53cd6db2ea205a4b574b4a0858720a6;0;0.00;;false
0x5fa02eff77d3faed8d5b9b9387526b42bf445d7f;1;0x15051107651f3420144d3a2412d49402c2fac3c0;0.00;0.00;OptimizedTransparentUpgradeableProxy;false
0x66a3188a218c4fa5a151fe6cdefe7ffe59606304;48;0x9d37884bafe966d366c24cb755136e175f2ba112;0.00;112.84;MasterCrossLedgerVault;true
0x6ced48efbb581a141667d7487222e42a3fa17cf7;2;0x3d41487a3c5662ede90d0ee8854f3cc59e8d66ad;0;0.00;OptimizedTransparentUpgradeableProxy;false
0xed12b794ca80737a25623e24c6864137d7844a25;235;0x8fe3a2a5ae6baa201c26fc7830eb713f33d6b313;0;0.00;MarathonOFT;true
0x8929e9dbd2785e3ba16175e596cdd61520fee0d1;417;0xd0fe1538031f5647b1846d35b36f22e7317a1e35;0.00;0.00;AltitudeToken;true
0xfc2f5fafa3e88027fb6b6edb3fa46b47bcba95f3;4;0xdf1d00bc5bea1e716a3018bcea53e32ff4b76d9b;0;0.00;;false
0xd3a15bca491996c94b5a24f4b3f92df3a049d272;4;0xb8385ba1a932d6bc3b2c6f3d206981c66183cba6;0;0.00;;false
0x48aa6ee0595e06bc7b484bb10a559a4c8dad45d1;31;0xbebd60d2985594c36ebfa66e44b0856807e9dd32;0;0.00;PrimeTokenProxy;false
0xc675c1c4ed7f5fb632af004b5a5438eb425076fd;10;0xe384719e13842c91f6720d832b557ed92e9461b4;6,464,937.65;0.00;ProxySUPER;false
0xfb5101d8f0dfa0a27db4087bb8549ae373614559;1;0x6c5ccf33eedef09cf522a324545aba4c2a18822d;0;0.00;TransparentUpgradeableProxy;false
0xb8870aaa8480e6c8a44235ad5c737d0fc3f2852b;714;0x0f3f4f7898e2f9af13a8675e027158b46dfb21d0;14,731,052.35;0.00;ProxyOFTV2;false
0x2e4c9c361d65529badce16e342c4d6055ba32f3f;1;0x4102201bcc29fc4c9a46a4d163b0f6b035f9bddd;0.00;0.00;;false
0xd5e1465565df1f9d009576561a668143dc064eb7;2;0xe9d89d220ea1b87fbd9d0549ee1ece61a6774779;93.83;629.54;;false
0x75085664fe4fa5887f29816a87bdb7a14e58f0f5;1;0xdf1d00bc5bea1e716a3018bcea53e32ff4b76d9b;0;0.00;;false
0x54231c588b698dc9b91303c95c85f050da35189b;64;0x30019eb135532bddf2da17659101cc000c73c8e4;0.07;0.00;GaugeVoteRewards;false
0x8aed0055d691e6d619acc96ad0fb3461f5774646;1837;0xbebd60d2985594c36ebfa66e44b0856807e9dd32;6,361,706.81;0.00;PrimeTokenProxy;false
0x75fca4b02ba04bc83f37006342264eb70851e0db;184;0x15051107651f3420144d3a2412d49402c2fac3c0;0;0.00;OptimizedTransparentUpgradeableProxy;false
0xb5d94da6f16ff3b27b1de2b2164c246674b2cac8;1;0x31024e198ac4c3079ec19625258f38167244e098;0;0.00;;false
0xb9b108a0ba3f99183394a6aaf993eaa3e993b1d0;1;0x31024e198ac4c3079ec19625258f38167244e098;0;16.17;;false
0xeae00e3db728c4f3f99dae8a69856730549808c3;450;0x15051107651f3420144d3a2412d49402c2fac3c0;0;0.00;OptimizedTransparentUpgradeableProxy;false
0xf7f1310cbe84f305bcfcfaa30772ec8fa1fae0ff;580;0xd22481d00f0666a96ce5e7357115a136f444b8b8;0;0.00;ReplicatorController;false
0xd585aaafa2b58b1cd75092b51ade9fa4ce52f247;726;0x0bb3a32722b4cd85f06f8f57aaa4a579d5de88c6;0.00;0.00;PeUSDMainnet;true
0x6dfb7660c5c81f5ffcd6aa4aea9d2f02989b4c58;49;0x9646daa95cfc7d101682b7517d355714644d40b1;0;3,798.09;Cassette;true
0xf5cd17e2ea38cf7079bab4ba2b951e9e8f13ae12;240;0xbfb53a2c470cdb4ff32ee4f18a93b98f9f55d0e1;0;0.00;OptimizedTransparentUpgradeableProxy;false
0xb2492e97a68a6e4b9e9a11b99f6c42e5accd38c7;5;0xa8387792252cc091f83b5a38d286ac9fc9972f52;16.32;0.00;TransparentUpgradeableProxy;false
0x9b06f3c5de42d4623d7a2bd940ec735103c68a76;138;0x221211264a3c7dde2f687cbdd7e348586bdd0000;0;0.00;Wonderland;true
0x9d125e4698cc88c7a30576222e2fabaa4932bfef;1;0xc23e7007567c8b2a039b009fa68390d882a9853e;0;66.95;;false
0x33f60ff3a78d17a11a470613c79542614faf9b1c;8;0xeae2878ae53b6d46bedc4b38a935fde8d6abc244;0.00;0.00;ProxyOFTWithFee;false
0x6bd62eaefc77464b1a28cf973a12163c9753c63b;11;0xeae2878ae53b6d46bedc4b38a935fde8d6abc244;0.00;0.00;ProxyOFTWithFee;false
0x341dc75ae3074f1ebf053fd7ae5b92a57634cd3a;3;0xd472c2920f95d75f3494b2865f4859c35eac7ce2;0.00;0.00;ProxyONFT721;false
0x236bda4589e44e6850f5ac6a74bfca398a86c6c0;1;0xbfb53a2c470cdb4ff32ee4f18a93b98f9f55d0e1;0.00;0.00;OptimizedTransparentUpgradeableProxy;false
0xecd19aadf33213a298875da0cc15d80f155b7391;1;0xac0248e9c78774ba0ef9e71b1ce1393a10c17e3c;0;0.00;ProxyERC20;false
0x5c6392a69dc11f254457716c682f70e4b2ed7b05;639;0x174ae6ebff5e678a1bee298e1ff7df799c7c1a08;252,146.36;0.00;SwETHProxyOFT;false
0xed1167b6dc64e8a366db86f2e952a482d0981ebd;552;0x0bb3a32722b4cd85f06f8f57aaa4a579d5de88c6;291.36;0.00;LBR;true
0x05df5f025f1d14c6562e6fecf35c133d21ab9bfa;133;0x7d57d22bf8a1319e3cf897e1aa2347a00f11f36c;0;469.90;TransportDiamond;false
0xb88a5ac00917a02d82c7cd6cebd73e2852d43574;3;0x8610f105f3d0a0479d9c9d85c13b352f6c8eefee;0;0.00;TransparentUpgradeableProxy;false
0x7e505da275223b1bcfccd3808db70ae4fefa274e;7;0x8636fa411113d1b40b5d76f6766d16b3aa829d30;0.00;0.00;;false
0x87a044529fd1f2cef472b5f00757453823adf0d5;41;0xa5c7347ba6b381581168e9ebba558781446a0125;99.46;613.08;;false
0xd83e7bae0dfafce2069750b669586e69074ebd77;9;0x15051107651f3420144d3a2412d49402c2fac3c0;0;0.00;TransparentUpgradeableProxy;false
0xf6fc753d5b74474f32d0ab3dbb6caaf982a0909b;119;0xc5e9a48c7637002384a3355148c8687dad7fed7d;13,071,938.33;0.00;ElsProxyBasedOFT;false
0xc03b43d492d904406db2d7d57e67c7e8234ba752;8;0x3d41487a3c5662ede90d0ee8854f3cc59e8d66ad;0;0.00;OptimizedTransparentUpgradeableProxy;false
0xb11773e63920fcbb4f2156d1a6cef11f7138793a;3;0x5cc4fc1c19cbf3447b8c30e178898b7a2c4b00dc;0;0.00;TransparentUpgradeableProxy;false
0xdc402b5bb2725f8761c600aad79f06085fa5fbc4;2042;0x721d09419d625414b4fabcaae5313e73e7c3ddb2;4,359,614.13;0.00;ProxyOFT;false
0x485e144a5b2e9422af85b677a9b2f6114e15c9e7;7;0x937b94dc8c81ed42b2ada5855b220f098568b2be;35.16;0.00;ProxyOFT;false
0x0d2baedf76d2b0276886e3cb986b30fe739aebb0;4;0x84b44f501ee74d3cd790624c95e33b35d7dca113;0;0.00;BridgeUSDEBT;false
0xdddcad6ccc2780eefc78689602215eabfef85b08;1;0x161d61e30284a33ab1ed227bedcac6014877b3de;0;0.00;LayerZeroBridge;false
0x82634096d3dde41407de4fe3114a1f4481b92801;1;0x896b7eb6bdc0ad9d326d75ddfb5b28ba09e8d6da;0;0.00;TransparentUpgradeableProxy;false
0xf906cc6716360534965fbb2c144aa68f92ae9aa0;4;0x0a66ad3cbf27de2f6252d166f38ea8e8245a8c41;0;0.00;;false
0xdddeedaba09b08d052faa67acecf36457252314f;5;0x161d61e30284a33ab1ed227bedcac6014877b3de;0;0.00;LayerZeroBridge;false
0xde6982793444a01a7ef6e12ae5089bc1b667adbf;1;0xf2dc05b6348a57c1d3998372da0fc26a67edd337;0;0.00;;false
0x4e527c4453b99273a8af249295360d377443a01d;1014;0x7c0d783424fe9f7e5a6e82fb5ea5544cc99ad557;1,671,336.58;0.00;;false
0x77d9e6fd235a18927ed117b63cf221e91d4cd302;4;0xd472c2920f95d75f3494b2865f4859c35eac7ce2;0.00;0.00;ProxyONFT721;false
0xa23dd9379f2e12d9ce76ec738b9f5e520d1d861c;96;0x38c3fc7558ff89c02dc3a98463283fb7b058df10;17,665.14;0.00;UncleSamBridge;false
0x976ce6d3a66f276d610eb6fa82b6adca273a798f;17;0xd472c2920f95d75f3494b2865f4859c35eac7ce2;74.06;0.00;;false
0x238976dc5f6cfa166a79a82fd526e9b8397a5046;11;0xd472c2920f95d75f3494b2865f4859c35eac7ce2;51.84;0.00;;false
0x91854a72ae54f69351a545d1ae8b74c4e2959d08;16;0xd472c2920f95d75f3494b2865f4859c35eac7ce2;49.17;0.00;;false
0x4591dbff62656e7859afe5e45f6f47d3669fbb28;47;0xd8531a94100f15af7521a7b6e724ac4959e0a025;0;0.00;DebtToken;true
0x9ba7ca46bf503162fb98f0b8d9ee30482c2ada1e;5;0x9dec4b2816eaa9a3793a634f0ad046bae8a4c12d;0;0.00;TOINOU_OFT;true
0xe3c3a57e4747a2e2454ec175840b6fddc2e2c5ab;1103;0xbfb53a2c470cdb4ff32ee4f18a93b98f9f55d0e1;1,823,146.97;0.00;OptimizedTransparentUpgradeableProxy;false
0x672e6cabbb0de8c66f28270ffac50d707b770e15;332;0xbfb53a2c470cdb4ff32ee4f18a93b98f9f55d0e1;363,232.03;0.00;OptimizedTransparentUpgradeableProxy;false
0xc1a42fa3ee6280205e935445f5ed3a9a27eac285;60;0xcd231d4ba7b15a4722ac057419d9cd7689e7b8db;0.03;0.00;ProxyOFTWithFee;false
0x2f4fd13ba3f1cea4f14a141eba05f3f72b7ceeaa;1;0xa75b7833c78eba62f1c5389f811ef3a7364d44de;0;0.00;;false
0xa3247276dbcc76dd7705273f766eb3e8a5ecf4a5;2;0x5128e3c1f8846724cc1007af9b4189713922e4bb;0.00;0.00;ERC1967Proxy;false
0xa34d983a761ff15d91c84689de88f1d0930432d7;651;0x77d68b7db9aab15baf4729e4642abff31e49a306;0;0.00;TransparentUpgradeableProxy;false
0x03d73cfdcb8dc66315b8c370edd7ba71d0ee658b;3;0xa75b7833c78eba62f1c5389f811ef3a7364d44de;0;0.00;;false
0x10498cbbe46946ca5b0d86cb5a5b225000a7a3a7;241;0x4025f89b4e8e7764e4009377187b954c71d5cb46;0;0.00;ERC1967Proxy;false
0x14758ea8a72184a6f8b5870ef7c3980aee1d54af;3;0x15051107651f3420144d3a2412d49402c2fac3c0;0;0.00;TransparentUpgradeableProxy;false
0xf190f29b61f2664d413aba437b06d55b381f8976;39;0x4025f89b4e8e7764e4009377187b954c71d5cb46;0;0.00;ERC1967Proxy;false
0xffa188493c15dfaf2c206c97d8633377847b6a52;18;0xdd561195aa0f719de3735568c3cd46d8836c6b35;0;0.00;WeFi;true
0xd081be7f329e13c4097cfa3668f1e690cde9c08d;2;0xc1364ad857462e1b60609d9e56b5e24c5c21a312;0;0.00;;false
0x799bae6e4bf7e7456937950954f49e1cbf92aa57;7;0x15051107651f3420144d3a2412d49402c2fac3c0;0;0.00;TransparentUpgradeableProxy;false
0x7122985656e38bdc0302db86685bb972b145bd3c;119701;0xc1364ad857462e1b60609d9e56b5e24c5c21a312;419,409,369.77;0.00;Stone;true
0x8cfa44e930b7743123738eb2d7e78beaa964732e;138;0x2c47d8232b11156df8324f13f13c112770a98b80;221,413.08;0.00;InterportTokenProxyOFT;false
0x1a0c226106e4b4643e25a664039e0c023a3057b4;4;0x73f6d60439046681f4ce35665583a39f25e138b0;0.00;0.00;Mirror;false
0x36ab4fcaeb09b6fba93b2e547b825ca40242b2c5;26;0x15051107651f3420144d3a2412d49402c2fac3c0;0;0.00;OptimizedTransparentUpgradeableProxy;false
0x962d1c2e199a2a03707bb9b3eb97a0e25a3253e0;21;0xbf0b63e287d10b25cccfbc46654647ad10bf47e5;0;0.00;;false
0xa0d3be716ce9592839a036b8e328da42986aa28c;717;0x15051107651f3420144d3a2412d49402c2fac3c0;0;0.00;OptimizedTransparentUpgradeableProxy;false
0x826efc453e95be36af2bf867d36f9241c8beee16;11;0x272d33be93fc6225234009a71deedc511246d5e1;2,015.99;0.00;OriginalTokenBridge;false
0x560363bda52bc6a44ca6c8c9b4a5fadbda32fa60;616;0x99c85a23a9aefc90f40d3aac4a29aca6eddfd06c;0.00;0.00;SFUND_OFTv1;true
0x4f884591b168976e2b5bdc823d675fd418b11797;1;0x9c0852e0e9de3a881460356bb7a1a0d85a36eefc;0;0.00;FXDX;true
0x30b593f8c3ab37615359b4e0e6df2e06d55bb55d;1;0xdc220762d9a7526f69ca5bad31c2520ffa0d60ba;0;0.00;FXDX;true
0xb66caea47f6837b5a6c8903d9c4add6ee364ce88;17;0x3d6a34d8ece4640adff2f38a5bd801e51b07e49c;0.00;0.63;;false
0x50687515e93c43964733282f9db8683f80bb02f9;1;0x000755fbe4a24d7478bfcfc1e561afce82d1ff62;0;0.00;sdMAV;true
0x9314ce96286d6529f5b5c325af78b8aa4a8e5576;28;0x73f6d60439046681f4ce35665583a39f25e138b0;34.26;0.00;Mirror;false
0xed42a7d8559a463722ca4bed50e0cc05a386b0e1;183;0xeaf6183bab3efd3bf856ac5c058431c8592394d6;240.15;3,575.26;TransparentUpgradeableProxy;false
0x69a0145e77ce434cdf7ba68f6232ff44eae6ecd3;1;0x84cf2342315903583086cf5762c996873f7c1a03;0;0.00;TipsToken;true
0xc2fa556e696be9422b8ae75a4bc6fbfa82b081b9;226;0x7c0d783424fe9f7e5a6e82fb5ea5544cc99ad557;0.00;0.00;XPhotonStakingProxy;false
0x04506dddbf689714487f91ae1397047169afcf34;13;0xb32e9bfc164599a7cf72b048d6f0fdaad4de65d2;0;0.00;UnkMaverick;true
0x549d5a77be1c3ba9ec28cea1384044c4f8d08512;4;0x2a88a454a7b0c29d36d5a121b7cf582db01bfcec;0.00;0.00;TransparentUpgradeableProxy;false
0xb23e7b01692b238d76fa654ca6fbce8745020ce2;33;0xa907823ee8a562e845b728a6ac93d06d09be3cf5;50.99;162.00;;false
0x9c5ebcbe531aa81bd82013abf97401f5c6111d76;307;0x272d33be93fc6225234009a71deedc511246d5e1;177,525.16;35.13;OriginalTokenBridge;false
0x833f14d20e539a6411b1bf2bea30a9bf24edf777;9;0xe769954144ef88a314704968e20bddd688497f00;0.00;0.00;Diamond;false
0x44b9f1c5c9c233d8f21a4ef45b020037fedc2c6c;40;0xac4be7c3425c70c3b4002b5977dff77410df59f1;6,183.73;0.00;SquidGrowBridge;false
0xd3fdcb837dafdb7c9c3ebd48fe22a53f6dd3d7d7;154;0x37af7d1638b36744e8bd5fc29b0149de838fda5e;0.00;0.00;QiDaoProxyOFT;false
0xae0f4839d8eb59741eeb0afecb68c76371c4f8be;2;0xe9547cf7e592f83c5141bb50648317e35d27d29b;0;0.00;OpenleverageOFT;true
0xb3307c50f6047d5351c40ec1a04283b7e2daac9d;379;0xc4403c9fa8434fe8414fc55ce97a1302406b8ee7;0.00;12.30;TransparentUpgradeableProxy;false
0xf37982e3f33ac007c690ed6266f3402d24aa27ea;102;0xdf826ff6518e609e4cee86299d40611c148099d5;0;0.00;TransparentUpgradeableProxy;false
0x688b1e938293d0a170a4c3d637d27ef1ef565105;2;0x63aaa6867d0697de09cf7050c045c44dea8a5455;0;0.00;RadiantOFT;true
0x5c574153b195ae284c063a84fb9c73d9fd37955f;64;0xdf826ff6518e609e4cee86299d40611c148099d5;0;0.00;TransparentUpgradeableProxy;false
0x178608ffe2cca5d36f3fc6e69426c4d3a5a74a41;27;0xdf2f595541307c31f879a17e7c0bbeaca6375634;0.00;246.68;ZeriusONFT721;true
0x5bc4e94ce63c5470515cbddc903f813580a2a08d;27;0x8b3f2965c10e5a1b4d709054e415a98789e8b5bc;0.02;0.00;ENTERTokenOFTWithFee;true
0xc072c3ebaf165955c5aad2dbb4293f771de6dbd3;968;0xe584b655a6d3d818998670f73c9c0702b66498e2;0;0.00;;false
0x6f6ae8851a460406bbb3c929a415d2df9305acd5;2167;0xe584b655a6d3d818998670f73c9c0702b66498e2;0.00;6.46;;false
0xafa5f9313f1f2b599173f24807a882f498be118c;6557;0xe584b655a6d3d818998670f73c9c0702b66498e2;0;2.14;;false
0x580e933d90091b9ce380740e3a4a39c67eb85b4c;1050;0xea64d0cbea417b6fb8bafc32165b9ac2bdb74aad;282.64;0.00;TokenOFT;true
0xc608dfb90a430df79a8a1edbc8be7f1a0eb4e763;92;0x9ebe424b7bf85ac8ba42b3f4c9c46df6809a322a;0.00;0.00;ProxyOFT;false
0x535f7ca9637a5099db568b79a3624cfd6b5fc833;66;0x9ebe424b7bf85ac8ba42b3f4c9c46df6809a322a;440,252.66;0.00;ProxyOFT;false
0x808130d89fc067a7a8d9ddf4ca2abf6eb5ed3b32;144;0x9ebe424b7bf85ac8ba42b3f4c9c46df6809a322a;55,944.93;0.00;ProxyOFT;false
0x011e128ec62840186f4a07e85e3ace28858c5606;106;0x754a3c4b373bcf24895997c59d866ff0b7ae6113;0;0.00;Valeria;true
0x488cf9905cd9f5dea7212b4571c8b1052631ab8d;8;0xedb4ff2bafab125d73a7ea193b5fa73ab190ef00;0.00;0.00;CrossHeheToken;true
0x35e8d1da73e927fa6e9b01892de0cab468f647df;1025;0x30109f25428cbe2aa7fd33646a097bfbecf17365;0;0.00;MessagingV1;false
0xdddaec9c267df24ad66edc3b2cbe25db86422051;15;0x4fed5491693007f0cd49f4614ffc38ab6a04b619;0;0.00;LayerZeroBridge;false
0xd44eb2061362d28f741bb3547b1a36ab13a8a582;1;0x797e7594f254db533e9d2eebb635809ea8cd79b2;0;0.00;Layer Zero Bridge (Ethereum Version);false
0xb78959bb93949d5c164a552bb3ae3813364d203f;1;0x5ec203f377362e0d3d78d078516aed2d90704aee;0;0.00;OriginalTokenBridge;false
0x3d8b2f5dbe58ce7de2f2633011ca358e3ee6c07d;20;0x5ec203f377362e0d3d78d078516aed2d90704aee;62.48;0.00;OriginalTokenBridge;false
0x2bbbdf97295f73175b12cc087cf446765931e1c3;136;0xa62ebef2cd69ee7350e340f06afe5f0cc83fb75a;15,856.31;0.00;WstETHProxyOFT;false
0xc9264255e1ae0cc80ceadd0056c63dc1caed28ad;125;0x21ab3aa7053a3615e02d4ac517b7075b45bf524f;0;0.00;LayerZeroModuleProxy;false
0x597e6ac6a5b2413169a9588ba5d72c73b9179929;212;0x84fddbd69f2a483f0140670e3f826edae2d2b0ab;1,558,538.19;0.00;ProxyOFT;false
0x10fb1581b0b25a907c105182cdbd4f3358522cc3;16;0xb6b3d570cf1f3b81bd454fb3ab6e3258e010273f;4,876.88;0.00;ProxyOFTV2;false
0x562de17d35e3b3389cef3bf02424edad14e328f7;1;0x63aaa6867d0697de09cf7050c045c44dea8a5455;0;0.00;RadiantOFT;true
0x3097ce53dbc8162ef7b0cac56cbca98c4ad4088b;4;0xd00752cfa03117cef8258b8df3e42929955705b6;0;0.00;Layer Zero Block Hash Sender;false
0x0ffeb4f73ae2a2e0e30e4d3af21e42b0dbd276f6;1;0x203dda90fe597c694b73ed67dd8d5b2168a38b86;0;0.00;TransparentUpgradeableProxy;false
0x137ddb47ee24eaa998a535ab00378d6bfa84f893;340;0x48733ddd686d726a49f20a3e4cda9d9c9e2276ae;0;0.00;RadiantOFT;true
0x7bb83ccb91aaee77f8e9bdcdd311e83aff6ff1f9;4454;0xbfb53a2c470cdb4ff32ee4f18a93b98f9f55d0e1;12,045,715.23;0.00;OptimizedTransparentUpgradeableProxy;false
0x3b6564b5da73a41d3a66e6558a98fd0e9e1e77ad;44;0xe1d7df53a55d6116af1bde150ffb21f551d95f1e;0;0.00;TransparentUpgradeableProxy;false
0xfbf1020629d57d39a55891f22cc9feaf4ab488bc;1;0xd98cc94327542deb36db534ddc547bd710bec377;0;1.78;BridgeGnosisSender;false
0x954367cb2028e704b62a4093f648be453aca3989;159;0x5ec203f377362e0d3d78d078516aed2d90704aee;2,426,906.98;0.00;OriginalTokenBridge;false
0x153b7616ba77b7e4fafa555434c44e2c9ca4fb91;19;0xc1ea52ecda636686c2a800035ba9fda31e9b63ac;0;0.00;;false
0x1b6e9c73bee68102d9dd4a2627f97bff4183ab0a;59;0xe9547cf7e592f83c5141bb50648317e35d27d29b;0.00;0.00;OpenLeverageOFT;true
0xc00e27c676528b4bc2b9469829d744fdf4e42a7f;1;0xf7d44ea85d2033199fbc797e86fb1648bad6ae98;0.00;0.00;AminoBridge;false
0x4f5aa80822819535d0d9e2be3646e9515ccec8f1;5;0xd98cc94327542deb36db534ddc547bd710bec377;0;5.34;BridgeGnosisSender;false
0x95f51f18212c6bcffb819fdb2035e5757954b7b9;439;0x7396f133baa2543ea7917ba3254e61fea3028288;551,646.07;0.00;ERC1967Proxy;false
0x81e044982cc18aa8c38efc5d12f2a85f502bb1c0;4;0xc13b65f7c53cd6db2ea205a4b574b4a0858720a6;0;0.00;;false
0x31e4efe290973ebe91b3a875a7994f650942d28f;889;0x3185e8b557b9d9c3fb68d840e86e618d9e47f79e;1,188.56;0.00;BridgedSHRAPToken;true
0x20572184e578966a76d1c35ddaea09ed6588f6cf;5;0x3566c48004749dbaefba82529df45244deaa8c5e;0;0.00;Testtoken;true
0xcc312c0f1a6945262df929917e6c5b157295a3e4;1;0x7b8cf6b358ee7e7d56d8d2669162e262ae29d6d7;0;0.00;Layer Zero Bridge (Ethereum Version);false
0xe9b3573a296a8af4cd9d895e77fd8d9f8c794f25;3;0xf19bc7bc4014ab13158ce2beb0369346292599fe;0.00;0.00;ProxyOFTV2;false
0x63fe9b223e7bb07e7a5f750adb1c29b2a161aff2;7;0xccccccebf318949891c87fff4da372923222b826;0.00;0.00;TransparentUpgradeableProxy;false
0xb5f53a25e1df7e7a1f68d412ba16affbdd1a8a3f;2;0x1481082756cb1171dd2f640bf6bda1c5bdc80bdf;0;0.00;Layer Zero Block Hash Sender;false
0xd8ffe80628d8e40085aea6f311e768f39ba2294d;3;0x40e44c42b8fe9deb4287b9752ecfcae17f937440;0;0.00;Layer Zero Block Hash Sender;false
0xbefe2d29dd0948ddefb0f51fc5b8d71cdcdb3ced;85;0x64619bd10801abf5c8bb3978a1315ae572bc12da;139.00;892.54;;false
0xa0ca885bb5b797824821de46d31d0d5678d069de;1;0x03e17834194904a98272acc4f021c5323af93e73;0;0.00;ProxyOFT;false
0xf0bc9c623ac12fa158bd341426c993e7f8ecdb9a;103;0x03e17834194904a98272acc4f021c5323af93e73;210,929.84;0.00;ProxyOFT;false
0x39d5313c3750140e5042887413ba8aa6145a9bd2;241;0x3d261844a8a744633936f47766e6a741212130bf;0.00;0.00;TransparentUpgradeableProxy;false
0xec193957acbaa128736e2b59db9a6685d83283c0;130;0x2a88a454a7b0c29d36d5a121b7cf582db01bfcec;0.00;0.00;TransparentUpgradeableProxy;false
0xba7bac71a8ee550d89b827fe6d67bc3dca07b104;28;0xc8d7d0bd61c5ca5a493a229f6754da5560f486ae;1,745.78;0.00;Diamond;false
0x94fbdc23c8baab054efe78dcecf60074a9835005;41;0x7addf9c3b9346783132b409c23ed2e26f25dfefa;11,064.22;0.00;ProxyOFTV2;false
0x16b43e348e0a19e9196ae79d172adc52b3aa3e20;2;0x5f9e06fd34a67637315e7dce6866a4d3783e014e;0;0.00;LayerZeroHeaderReporter;false
0x6e8793e22480e9bfd6031e2230e68e1822193717;1;0x5f9e06fd34a67637315e7dce6866a4d3783e014e;0;0.00;LayerZeroHeaderReporter;false
0xfaf8eb2857309c3a81be4e2fbac5f538911d4c51;9;0xbf1650e92db3f0e333665053aeaae02b0a5741f7;0;0.00;FundraisingDiamond;false
0xb1564dd0fa349697747c7953732d4ca2fe59de5a;2;0x8bec69e4566cf74d96ea054c1560f3f2209a50df;0;0.00;EPK;true
0x37bb209b118a22f233dea252a5d7f56455765b4d;87;0xf323933d3f592fed98198366ee45489ebcd02759;0;0.00;vXEN;true
0xe38a880bf996098887f7e33c6667d6807485385a;35;0x4ad5d7bfee184c8e7e746ad1329b6d59f8f2f31f;0;69.54;RootQuestProxy;false
0x62426d1a466bfcf8c153ecdc5a3c5785f3e9d4fc;5;0x5403ce7b38d97fe9f311a4cd7c8ab71f490d87c1;0;851.09;ERC1967Proxy;false
0x4b3876a8e3bb072787f51c39be83d7cb0b4e6388;73;0x9d5b3220a78ebbcef6b240ffd560626f712c0ab3;0;0.00;;false
0xfcc421b4f8372d84124ea16a6146bc1c08d4c69d;9;0x9019bd2e9c7e37c2e79ce96f1c884785ecb6cf65;376,843.53;0.00;ProxyOFTWithFee;false
0x9c6d5a71fdd306329287a835e9b8edb7f0f17898;1322;0x5c7b9952dec852dbf753ec106e9429b583f9e1c8;110,378.18;0.00;OriginalTokenBridge;false
0xbc8af6b9e75ca436479c38d5374634903169ad39;9;0x0a66ad3cbf27de2f6252d166f38ea8e8245a8c41;0;0.00;;false
0xdb9e1f7eee850a1af7cb52df97aca46bafa5ead2;5;0xf19bc7bc4014ab13158ce2beb0369346292599fe;0.00;0.00;ProxyOFTV2;false
0x96e461cf9e9acf763dc89d11995947dde7702c1d;3;0xf19bc7bc4014ab13158ce2beb0369346292599fe;0.00;0.00;ProxyOFTV2;false
0x0540edee2aef6641dfc252e813873c83d99b58c9;10;0x8b08d16f8ed6d00e539a4da896bd124828615a96;0;0.00;TransparentUpgradeableProxy;false
0x02b88b31492c19d9e3145934cdb63a8a9b5b4b10;4;0x332b5bcc8eef40d2134550de5cba17499dc8fd4a;1,890,330.20;0.00;RebaseProxyOFT;false
0xd94a8f9caed25e63ecc90edfefaf3635ea1e182a;38;0xeeb0f8d2cf6e7a87437c5edc2320067be7b3435c;0;0.00;Stablecomp;true
0xe6828d65bf5023ae1851d90d8783cc821ba7eee1;124;0x5ea77f81b31f788ce689c5f659c7767533ce36c9;0.00;0.00;AbondOFTV2;true
0x2a2dc0d3df8d21f7499422b5b6a60bb21969ecd4;32;0x02f086dbc384d69b3041bc738f0a8af5e49da181;0;0.00;ONFT1155Router;false
0x40eb9e4067ec5d1f062099d12bca61b8b789f982;3;0x02f086dbc384d69b3041bc738f0a8af5e49da181;0;0.00;ONFT1155Router;false
0x98d4c2300b2916d56fb26308ee6870460c86859b;436;0x7c0d783424fe9f7e5a6e82fb5ea5544cc99ad557;0.00;0.00;LzOftProxy;false
0xbe9d539ec1a18f048f74f381a4b095e25e4b96b0;376;0x1a427d8717c16788a8a4a265804f489b9ab1e798;763,253.65;0.00;LndxBridge;false
0x7bab349ba33d37ce6b56c117a9d0214e67806336;25;0xdd40e4e0570999a19f555685a8196b2141fecf31;96,635.65;0.00;BlockchainSpaceProxyOFT;false
0x584c7d617dab8ee99f4ff4d64d2f99dc2e585348;14;0xbeefb0c37aeae3b0f5b13a741688c85903e41fa4;868.45;0.00;ProxyOFTV2;false
0xbf94ed69281709958c8f60bc15cd1bb6badcd4a4;500;0xbc2c7144b1f8d708a0601961da6b6102f4af286a;0;27.03;GasZipLZ;false
0x5b81715b48e692d757d3432908a6667d338dd12e;1;0x79092a805f1cf9b0f5be3c5a296de6e51c1ded34;0;0.00;HoneyJarPortal;false
0xda16cf041e2780618c49dbae5d734b89a6bac9b3;52;0x5991ec04b476757e7ce25d3e9fa1d417e6dbdd39;0;0.00;OFTMintable;true
0xc709352412c401169e881e19bb864eca5018af40;16;0xbeefb0c37aeae3b0f5b13a741688c85903e41fa4;569.99;0.00;ProxyOFTV2;false
0x1e6c9f4c89ac4d75048155a0dbd0be1f49c460f9;5;0x9e0de4758101a2aa0e50418237aa1236e6ce3716;0;0.00;vXNF;true
0xb2e787c6c83d6d75f466371a2966b27a8b700828;151;0x1e693700b7c37e338a07da263e109b3196bff6db;258,913.88;0.00;ProxyOFTV2;false
0xf9687774f0c5e4c128e8784ffc69e1385c56e5b9;10;0x1a427d8717c16788a8a4a265804f489b9ab1e798;0.00;0.00;XBasketBridge;false
0x97c0e42518ab035fdb887baabe60ea701acdfde9;23;0x1a427d8717c16788a8a4a265804f489b9ab1e798;0.00;0.00;XTokenBridge;false
0xbfd5206962267c7b4b4a8b3d76ac2e1b2a5c4d5e;6;0xf9867138d682651e827d875567c03c4d959418c7;9,946.75;0.00;ProxyOFTWithFee;false
0x57185c33d07e043862e50c31f399587ccc8aac42;2;0xe0f2b45582155a9415cd15b7e455e7bbf8f458cd;0.00;0.00;OriginalDINIBridge;false
0xa0aa943666b4309c1989e3a7ebe7dbe11de36212;1168;0xb82a6d0c805f33c665ae2733599469b2f41a4bc3;7,445,340.69;0.00;ProxyOFTV2;false
0x58ff71c056942600bc4acf8bdf48f82e6ad1f392;650;0xf9867138d682651e827d875567c03c4d959418c7;6,009,256.28;0.00;AdapterOFTOsak;false
0xb51170e5b1804c80aa3477326590076003e61bed;22;0x43b25ddba7efe42e36cff28fc2035319b6ee8662;0;0.00;LZDOGE;true
0x10f8de1bd63925481e47a79f6867aa5d12edee7e;3;0x2ad7e145162e2be67df3098f4ea9ba1186867877;0;0.00;LayerZeroBridgeAdapter;false
0x0a601071e0a89b706b494a2c1931eb961b8684a9;2;0xffe7062de1943a3cbc695d50b186d277b6b0b048;0;0.00;;false
0xd42a81af36297faf702a2545c07d56578df08a58;2;0xffe7062de1943a3cbc695d50b186d277b6b0b048;0;0.00;;false
0x9dec6b0364d831b644f9a4c39b6df036dfd42fdd;1;0x41b5fbf35c7964ee5cc241636d0e88ae3bbe7456;0;0.00;SolanaEthereumAvalancheFantomBscBase;true
0x4d9b7203bcf5b226a6f4dc89da68e7922bfe1322;237;0x98915686e23032a1d3b8596badd7fadf147d5c00;388,389.76;0.00;LayerZeroWTAO;false
0x67fca3d0821c760fbebf72cd761f360563b0d504;2;0xffe7062de1943a3cbc695d50b186d277b6b0b048;0;0.00;;false
0x6f97d3f120fbbdaacf1c9da61a8ad126b7426861;284;0x5de3896ac272c0d636d38596bbe07fd03199c7e3;50,320.74;0.00;UnixProxyOFT;false
0x333ac3e5d3bec617447d0b0b23f791aab6ed9409;6;0xffe7062de1943a3cbc695d50b186d277b6b0b048;0;0.00;;false
0xa2c2c937333165d4c5f2dc5f31a43e1239fecfeb;478;0x000000d1c7b1f6730cf854c0185748f1e132ea2e;0;0.00;HeraOFT;true
0x777b2cc540e5e6824a5ceafb04c5a383874a6bf5;247;0x444a69854c78913c60560eb628ef633a1d659728;0.00;0.00;SolidlyProxy;false
0x56857674807fc21426331a4232b0412a84dd4e5d;27;0x07e3763bacdcf13acdf16059092279929803e1cf;0.00;0.00;AntfarmTokenProxyOFT;false
0x32e7c8a6e920a3cf224b678112ac78fdc0fb09d1;151;0x099a2da6bb4f40ecaea36ad0abe32d09f98c2a0a;0;0.00;Boo;true
0x777b1b4e79058778f8362a3dc53ee90f35934e8e;108;0x444a69854c78913c60560eb628ef633a1d659728;340,661.44;26.30;SolidlyProxy;false
0x1a404ca2f355141eb9ef1d5fe872bfc8511f19e1;452;0x000000d1c7b1f6730cf854c0185748f1e132ea2e;0.00;0.00;;false
0x7f09ed5bfe2bd71e5dc8e15d6d6294a42f1e0953;23;0x50a5838b1c305b21c7f7084f45a03e9900bf43df;0.00;0.00;TransparentUpgradeableProxy;false
0x46c800b387d5e256302835b17f3a7530e344599d;2560;0x9980fedf494f722887dd5d7eaee55efe354789c6;0;0.00;MainnetSWPR;false
0xf30224eb7104aca47235beb3362e331ece70616a;94;0x2a2db71e6cac000dd5a4b31b5514528bbe9fa481;182.92;0.00;WDRIPBridged;true
0xf057e0cff71f66c2747441f663ac8ab94ce3935f;1;0x97da92e533ba2b333901656849d87fc917bcbcc5;0.00;0.00;WASG;true
0x89b1e7068bf8e3232dd8f16c35cac45bda584f4e;1;0xecfd8ca333ae3179ef99849e403dbc154ca3af0d;0;0.00;SweeprCoin;true
0x8d279274789ccec8af94a430a5996eaace9609a9;152;0xa828337b3336da969922c66c317a565a51fa0a7c;520,549.18;0.00;InspectProxyOFT;false
0xbb0209e02b3cc33ef00321e8d20b78ca1cdcc8a0;2;0x66f850099e6d5dbd712d15244b65bd822f36be7e;0.00;0.00;MintProxy;false
0x943af2ece93118b973c95c2f698ee9d15002e604;102;0xd28202ccffd5568083e1289fd4dce6d9a8cbc691;2.54;0.00;DUELToken;true
0xc2cbd2f01cabdbea25132fff55cc001cc1944cb0;12;0x77777eef36045851c3e1832ac0815d0c894ce09f;0.00;65.10;WETHNativeOFT;true
0xa015c3b85f0881fac9e53d8b1dcc25668d1ff103;251;0x9980fedf494f722887dd5d7eaee55efe354789c6;0;6,034.98;L1Payments;false
0x5f2d6441769195c1465ab013cea84a69d881e67b;1;0x8ac4412a766ffd6a8b4178cc9341ffe5473d1a10;0;0.00;;false
0xd9483ea7214fcfd89b4fb8f513b544920e315a52;13;0x2147fedda97ef7fb5bfb6b7b8cab4aca59ef57e8;3,581,650.54;0.00;ProxyOFTWithFee;false
0x23ebeb9538df8f844f774a102de27579fab980c7;21;0x8ac4412a766ffd6a8b4178cc9341ffe5473d1a10;0;0.00;YouAreHere;true
0xa1885bffe760bcca872d3c34c976eb0350e3590c;1649;0x9980fedf494f722887dd5d7eaee55efe354789c6;0;57,528.80;L1BattlePass;false
0x888e317606b4c590bbad88653863e8b345702633;177;0x12bdf8ae9fe2047809080412d7341044b910ef10;0;0.00;XVSProxyOFTDest;false
0xec0b13b2271e212e1a74d55d51932bd52a002961;185;0xfda462548ce04282f4b6d6619823a7c64fdc0185;7,308,500.64;0.00;TransparentUpgradeableProxy;false
0x42069d11a2cc72388a2e06210921e839cfbd3280;214;0x0ada251c4fb1b964151e980f587549fdf185480a;0;0.00;GnomeLand;true
0x42de2101fa5ee922392ee5d752ed7399022e6a53;10;0x4ad5d7bfee184c8e7e746ad1329b6d59f8f2f31f;0;149.71;RootQuestProxy;false
0xa538b7f3c02c3f42e37fb0d557ee420de7f9d4d8;40;0x4ad5d7bfee184c8e7e746ad1329b6d59f8f2f31f;0;91.85;RootQuestProxy;false
0xe936c358efa4d34c065dfbe37a778a965c192b1b;4;0xa04574e89a66b0b577bce0191bc4b31984fd64d1;0;0.00;NoteOFT;true
0xdb44c8e257f64f215c094dbfba5f6881bed358b0;2;0xc6fe9dc8b3b8316bc6cb0a5b69e10d7be220b5eb;0.00;0.00;ProxyOFTV2;false
0x02e47d464c3bb564964fce162e6c8f38ea744f5a;1;0x9e73237d87594d0f61347fd41a1db7853308a934;0;0.00;OFT;true
0xc865dac13c3123a6cb206ed606c5ad2ce723046e;13;0xf25277605fe3d8a299b3f348dc28f19456f5a859;0;0.00;ERC1967Proxy;false
0x0b6f3ea2814f3fff804ba5d5c237aebbc364fba9;36;0xfe89e01c3c61844bf77d19965038dbcfbe2b5143;0;0.00;OFT;true
0x2b7862191b4a2557f8babd77408f730e80213801;1;0xe17fb10a3aa3446a24fad99653adaad80d7a3c6b;0.00;0.00;ASGBridge;false
0x41ca0f2a9a3fe8aa15135574c37e3e7083d2ce7e;260;0xe584b655a6d3d818998670f73c9c0702b66498e2;0.00;0.00;;false
0xf1cccba5558d31628216489a1435e068b1fd2c8a;3;0x1f7a03b70c5448dfd0a2c5a7865169253c2c769b;0;0.00;RSETHRateProvider;false
0x3e3d918adf70980eaaa88e8b1163ae8081d273f0;1;0x9fd52f563a00ff4df7236f24a7545e15360faf11;0;0.00;DToken;true
0x9da978718b6bd84bf485b475eab253cf76d77b59;86;0x3951008e895c3b8479504420d3cf4d701860a9ce;0.00;1,621.53;ASGBridge;false
0x9116ed9cfa7f291c3f7c8f855db065c7ab5723e7;4;0x3000ffce1ded866e6ea01f13587830427f893dde;0;0.00;Layer Zero Block Hash Sender;false
0x912529007bc0d2a5464a6a211ebfe217dfb75dff;644;0x9d298f0b53222f721aca415284dc26b4ee802a31;0;0.00;CadenceOFTV2;true
0x90fe734080403f9dbdb343478a390b901cf3922c;2;0x4aa12353aa5df0058fd8769796322949d5ee0207;0;0.00;Layer Zero Block Hash Sender;false
0x49cdecc38b4caf6a07c13558a32820333bc2ab61;2;0xe754e8d0d7f62c901533cc6faea805f9daaa02e6;0;0.00;Layer Zero Block Hash Sender;false
0xc91113b4dd89dd20fdeecdac82477bc99a840355;5;0xe754e8d0d7f62c901533cc6faea805f9daaa02e6;0;0.00;Layer Zero Bridge - Curve DAO Token;false
0x5cc0144a511807608ef644c9e99b486124d1cfd6;1;0x4aa12353aa5df0058fd8769796322949d5ee0207;0;0.00;Layer Zero Bridge - Curve DAO Token;false
0x7ce8af75a9180b602445be230860ddcb4cac3e42;1;0x3000ffce1ded866e6ea01f13587830427f893dde;0;0.00;Layer Zero Bridge - Curve DAO Token;false
0x896d64b4b7265273ddcd00808f3579563f9790a8;37;0xfda462548ce04282f4b6d6619823a7c64fdc0185;0;0.00;ProposalSender;false
0x861b1eb8be5b2937480764d9aa242b25adbdddc8;136;0x3ae9bf5331e076b55b61933206f797f4375d11d9;0;0.00;OFT;true
0xba2d7a92bfebac6fbb031bd25625a017da07ad23;40;0x3a20fdfcb1e7f8b940032953ff65b97147673b23;0;0.00;;false
0x4268ddd4f1b2ab737729ec7a0c08c8510ad6a85c;136;0x116aa9bf423c041cd932e8c621094cb0ae4fb63a;0;22.80;InterportLZGasTransfer;false
0xab48851aa43ae5c359f614193536fa8dcf8b8508;4;0xbfb53a2c470cdb4ff32ee4f18a93b98f9f55d0e1;0.00;0.00;OptimizedTransparentUpgradeableProxy;false
0x328a268b191ef593b72498a9e8a481c086eb21be;2;0x4e1986ee46617a03eb74f681944e85c26bac7bfe;2,028.54;0.00;MetaZero;true
0x273445f66322575054c1784b76a1cfdee91475a7;51;0x721d09419d625414b4fabcaae5313e73e7c3ddb2;22,378.75;0.00;ProxyOFT;false
0x6ae382814e24b6ddf588901c597f26a9e945c577;94;0xc493bd1d8d794357e79da84613b67533afc4d337;0.00;0.00;EPendleProxyOFT;false
0x7969414aa6958a44e276e9c3c5f28c5bc42e0271;49;0xbb566182f35b9e5ae04db02a5450cc156d2f89c1;0;0.00;LayerZeroModuleProxy;false
0xf5379e7515b5678ada4866b1cd191b95182461c0;374;0xe584b655a6d3d818998670f73c9c0702b66498e2;0;0.14;;false
0x02721de82257602c4bcd99d3f734dafd1ae56c17;6;0x2b64a19714bcfa54142a3e00abf281716eaf3c11;0;0.00;;false
0x0a9b14d6dc37219dd56320afb2a5eff090784572;3;0x541279d2b7751e20dc369c71a30ece9fea6ee09b;0;0.00;;false
0xfd691dcf0cd713986f9218f3dc7aeb5f2b9e7480;63;0x72cee0b67a6355fdbb60e0b361c994f306abc8ac;0.00;0.00;ProxyONFT721;false
0x5aa352551d39f5ce592260e0d26818e7d780867f;14;0xd478589b68e162b1d5b3e57323d0b280a96896bf;0;0.00;TelosOFT;true
0x32a3d368bb39a2057ef1adce3124b6d63a56776f;2;0xde05a1abb121113a33eed248bd91ddc254d5e9db;0;0.00;TestToken;true
0xf2a3300eb0574951e893ebff15089edb38fcfa3e;66;0xcd231d4ba7b15a4722ac057419d9cd7689e7b8db;3,801,587.14;0.00;ProxyOFTWithFee;false
0x5ea66080f222d8c7af0c6f184ada90c9b7f20b91;4;0xecead2d504b364db186898d7089a06434648bae6;0;2.21;TransparentUpgradeableProxy;false
0xcc6f1e1b87cfcbe9221808d2d85c501aab0b5192;11;0x28b3c90c440703152d2b0e550323a075c5bb0177;114.49;0.00;DmailToken;true
0x8a3e646d9fdaa5ce032743fce4d81b5fa8723be2;273;0x48ab8adf869ba9902ad483fb1ca2efdab6eabe92;0;0.00;LayerzeroImplementation;false
0x2dce4dcbd8c2b7af648113008ceb8f88f2bf0290;1;0xdd8c194c332791ef6041ada0b767858f83c9f4b9;0;0.00;FOXProxyOFT;false
0x7df1b50ed82acea5a5200e0d74ab96086b216d32;11;0xcd231d4ba7b15a4722ac057419d9cd7689e7b8db;943,749.35;0.00;ProxyOFTWithFee;false
0xeed85e015102976771f35e8b99bc1855508d706a;3;0xc13b65f7c53cd6db2ea205a4b574b4a0858720a6;0;0.00;;false
0xccd361de15feb996ce95e589007fa528f6d20584;1;0xc13b65f7c53cd6db2ea205a4b574b4a0858720a6;0;0.00;;false
0x298709c42324fcb1433a4e6be95cf2c8b95ecf38;5;0xcaa47bf4f86fb40d0a63764c2668a3993050b9df;0.00;0.00;OXProxyOFT;false
0x99284cb5207a7f5fe43e7803315da73c55ae6cd4;5;0x4ad5d7bfee184c8e7e746ad1329b6d59f8f2f31f;0;163.01;RootQuestProxy;false
0xb7a370cd5faf210932eaef24edf6562c992c5e55;33;0x7a63008d7e51e8b1a6619abb646bc7f77cc41bcf;0.00;0.00;PETHStaking;true
0x6dd7d2c0f078617313576111b025e2fc505b7c39;2;0x674a44345a91a159a239ec4a4c6584f1c367fab8;0.00;0.00;WPorkProxyOFT;false
0xd8ba3a437ae3e95a9be47dc2bf46a05723deed89;19;0xcd231d4ba7b15a4722ac057419d9cd7689e7b8db;0;0.00;IndirectOFTV2WithFee;false
0xcb19b6b4971bd4206bab176c75b1efe3e28ee5a8;38;0x61da869d8eb130cb3d2ba5bbd57c4a53ff534cb4;0.00;0.00;SenTokenOFT;true
0x922406eafc3cceb32b0256f287fb977c426edbd8;12;0x61da869d8eb130cb3d2ba5bbd57c4a53ff534cb4;0;0.00;SenecaUSD;true
0x227dcc37d9a071d1a2adb7edc40b7ec38a2097b3;251;0x2f5ebbc43c3e40f5b9e36264c8f0edd0caeebaf3;12,898,270.67;0.00;OXProxyOFT;false
0x2bd26ba2ef62ff90f807365c2bf363fb3bee9979;55;0x66f850099e6d5dbd712d15244b65bd822f36be7e;0.00;0.00;MintProxy;false
0x3c3370d9262d76f2ac92580196d704b21121e332;27;0x052fb55cce8035097c8c93c7a85e72dc8c0261f8;46.26;0.00;OriginalTokenBridge;false
0x8de1fb1f8a23202c7282716ae0089c6a96e07995;2;0x5ec203f377362e0d3d78d078516aed2d90704aee;0;0.00;WrappedTokenBridge;false
0x799db4fe07ff6ce997cea45514daa7337859a34b;2;0x222d81f2c66574509abcf40a16abd53b1937ebb5;0.00;0.00;AITNFT;true
0x6e55472109e6abe4054a8e8b8d9edffcb31032c5;1;0xe584b655a6d3d818998670f73c9c0702b66498e2;0;0.00;;false
0x53028b435a62fda4fd6a199193922be9f6b8a9b7;127;0x4519bf32c981d933311c7bf519c5385de204a376;215,627.63;0.00;;false
0x26094f9a6a498c1fccd8ff65829f55fb8bd72a4e;59;0x30019eb135532bddf2da17659101cc000c73c8e4;331,857.46;0.00;GaugeVoteRewards;false
0x8e0ce624befc5226da99276c5c272f3bf83462e3;1;0xeaf6183bab3efd3bf856ac5c058431c8592394d6;28.60;184.49;TransparentUpgradeableProxy;false
0xc3eae7a607856f2259ffe1240d3ae02b8b2c2c02;8;0x50a5838b1c305b21c7f7084f45a03e9900bf43df;0.00;3,368.20;TransparentUpgradeableProxy;false
0xad6b4bca663330376983c758926e49fc281ac4e8;19;0x6c1078e5abaf8bcf72bfca6f3d9c2b02e406bde7;0.00;0.00;BOXProxyOFT;false
0x7719cbf56c80d4f031c37d2f3f72475892fd9b2b;35;0x937b94dc8c81ed42b2ada5855b220f098568b2be;80,842.49;0.00;ProxyOFT;false
0xbb6ca854d6a812943decd0aaea45ae98e760321f;185;0xbfb53a2c470cdb4ff32ee4f18a93b98f9f55d0e1;73,328.80;0.00;OptimizedTransparentUpgradeableProxy;false
0x66e535e8d2ebf13f49f3d49e5c50395a97c137b1;100;0x068853dff43244da3128d22fb558ceeb1e31aba1;0;0.00;Molten;true
0x2cf2c6a72fcc04814a11bde8ffce9ce730ad2f42;1012;0xa288b6b80c02f3a7916609fde831b30e9fa6ba07;0.00;609.27;GBMigrator;false
0xf8173a39c56a554837c4c7f104153a005d284d11;133;0xec018a57360af8fc07665ccd4b5064b59070573f;0;0.00;OFTV2;true
0x282640f02822f017d76c824da2a73d2e121d0a5f;5;0xdcd9639ef156a9153586ec195bbee0fb783ba6ac;0.00;0.00;WagonProxyOFT;false
0xf1138297b7654d0e955a461c26af11741638a54f;1;0x40110d4b383804987cac1f5af016cb82d7f5b8d4;0;0.00;;false
0x0788906b19ba8f8d0e8a7015f0714df3179d9ab6;378;0x1f7a03b70c5448dfd0a2c5a7865169253c2c769b;0;22.90;RSETHMultiChainRateProvider;false
0x0a92fd5271db1c41564bd01ef6b1a75fc1db4d4f;5;0x632e2e28ba7af7f5c38d8758c357fd73d6207a81;100,769.27;0.00;Layer Zero Bridge (Ethereum Version);false
0x0f2ac364a4028f0ac8256033589f8b09f150dd08;2;0x8fe3a2a5ae6baa201c26fc7830eb713f33d6b313;0.00;0.00;;false
0x1883af6b51fb7f69577880004a82c9d68582022c;37;0x501b526e922fb6aad69a896fd36bf58220da9697;262,734.14;0.00;cmptOFTgpu;false
0x85a00ebec4dd04ddca61745e8162f774d942be20;2;0x1c782b8c407bdc345a5758da64388d4e4c98ce37;0;0.00;;false
0x8a75865a059d646f1f154984f90f5a0f52e569a1;1;0x0b09e8e759a3ff7c8eadb09e066ce0f9100c2c19;0;0.00;TransparentUpgradeableProxy;false
0x92d5af3291f6ab19ed349ecb08d10e8279d87aea;7;0x6b1461c960ced057247808e72ede56a42d7b501e;0.00;0.00;LEARNoft;false
0x1f1aa4d239002bb818536c95e9b762a1fc8484c1;144;0x1ce24e5d99dab1337b37ea1bef2a59ae1a78cd6c;462,991.22;0.00;ProxyOFTWithFee;false
0x0a40e573c72efd75933c7a18a42155132122bc86;144;0x7396f133baa2543ea7917ba3254e61fea3028288;0;0.00;ERC1967Proxy;false
0x7254a030092adcb10a13fb73d6179d447ee0f809;14;0x3fb99e6fabc67d4a810111a537eebe4782c060d2;13,592.78;0.00;OriginalTokenBridge;false
0xba503636168f39a8ba27287dccf2fc4e61af360b;7;0xe23aae2245f12d461f0d8bb6b80efbb90cc4141b;0.00;0.00;ProxyOFTV2;false
0xb299751b088336e165da313c33e3195b8c6663a6;170;0x52b8d50b50a7eb198cec50b126ff9d741b394c1c;195.49;0.00;TokenOFT;true
0x0f51ccf269747fa2eb4aba4a7b173cb2a73d86ea;2;0xfb3485c2e209a5cfbdc1447674256578f1a80ee3;0.02;0.00;LzProxyOFTV2;false
0xeb9f735a52a0e926f84972f704c1fa0d1e829bc0;1;0xa876b3e4de1ff6c8e911152eb7f5fe5e3ab4ddaa;0.00;0.00;OmniAirTokenProxy;false
0x98fac30718d5c509cba2afbbaf7a3172081c3ca5;1;0xa876b3e4de1ff6c8e911152eb7f5fe5e3ab4ddaa;0.00;0.00;OmniAirTokenProxy;false
0x54dc305fd3542d402bafdcde0574eb9a0a893408;132;0xfbe353ec512fc1686d904465b66e3a93a67598c8;0.00;0.00;mainBridge;false
0x76eafda658c54548b460b3f190386699de3827d8;3;0x2e93e48e08b45f2b39a9357186085ae019ec5ec2;4.99;0.00;Layer Zero Bridge (Ethereum Version);false
0xe2510aa4b019af3eb835d3ac9c800382109a4631;116;0x690f4e2f19717a06e1c146b2dce68c2d23e36f4c;0;0.00;DcntEth;true
0x2f5e189adba88aecb1bc581eb25c22b49cc746b5;3;0x02f086dbc384d69b3041bc738f0a8af5e49da181;0;0.00;ONFT1155UriMinterProxy;false
0x2af79201885cb8277ab13605263deef04cbd5226;1;0x02f086dbc384d69b3041bc738f0a8af5e49da181;0;0.00;ONFT1155UriMinterProxy;false
0x1fceeafcf64939020b94451ebef3dbcc1e34d901;112;0xbfb53a2c470cdb4ff32ee4f18a93b98f9f55d0e1;0.00;0.00;OptimizedTransparentUpgradeableProxy;false
0x85f1da85e5fe047b946417cb5466f9b5f0e382c0;1;0xbfb53a2c470cdb4ff32ee4f18a93b98f9f55d0e1;0.00;350.85;OptimizedTransparentUpgradeableProxy;false
0xfa7664f2385743b73369bdc9427cdb2a942af809;185;0xb96677d115033cadb42971cc90231957b5e62021;0;0.00;XArcadeToken;true
0x1ee1bf4584742a8726bff46c800f47dbde3d7bc0;2;0xbabe00a29a681b50096d1e65f142815a1c5e4c3b;0;0.00;;false
0xdef06db683836bb959263d875071183f0c76f5de;1;0xbabe00a29a681b50096d1e65f142815a1c5e4c3b;0;0.00;;false
0x9186d4e828b286b077253fb685dd9b8657533468;1;0x8f47ace6a78a70ca6e30ea87597da49345121347;0;0.00;StreamerInuToken;true
0x8162b5bc8f651007cc38a09f557bab2bf4cefb5b;42;0x8f47ace6a78a70ca6e30ea87597da49345121347;0.00;0.00;StreamerInuToken;true
0x193a2d15a9a8fa02301116d4f3666619154beeb7;1;0xf087491dbb6d94a1332501bc087390b887b3ec92;0;43.64;LayerZeroSender;false
0xe67ca30000b5380ea8bbd0f62531468e3c4c7b9c;15;0xd78338d0343852840aa84e60b2b60fca8d44d587;0;0.00;TransparentUpgradeableProxy;false
0x845fbb4b3e2207bf03087b8b94d2430ab11088ee;3;0x040ef6fb6592a70291954e2a6a1a8f320ff10626;0;0.00;ERC1967Proxy;false
0xa5747f3100db39ce90821f0f7d9ecaf62a7175c9;135;0x661fc5f28a783ea5486d0d171abb3bb5f444b53e;0;0.00;TransparentUpgradeableProxy;false
0xdc148914abe9a537d10748ce808db9ee5e90d614;1;0x96f80a880a52533fab2b51ae4dca719b2fcecbd2;0;0.00;WonkaOFT;true
0xe1c0998311f7ef84116e98f32d45503272f57ae8;2;0x7ed0222fef0c668e389d8e38c68aa73ef4ee6b3d;0.00;0.00;WUSDMProxyOFT;false
0xdac061057d404262ae78968964ffecad97331f78;6;0x7ed0222fef0c668e389d8e38c68aa73ef4ee6b3d;0.00;0.00;WUSDMProxyOFT;false
0x6d48ac41c66ee2e9b37778a12d12e09f0f3c313e;55;0x40110d4b383804987cac1f5af016cb82d7f5b8d4;0;0.00;;false
0x2efd4430489e1a05a89c2f51811ac661b7e5ff84;5351;0x040ef6fb6592a70291954e2a6a1a8f320ff10626;0.00;0.00;ERC1967Proxy;false
0x39b1f7c5b1ae6a3cb9bbbd616b44ced9f53882e0;167;0x690f4e2f19717a06e1c146b2dce68c2d23e36f4c;0;0.00;DcntEth;true
0x83fedbc0b85c6e29b589aa6bdefb1cc581935ecd;125;0x3d41487a3c5662ede90d0ee8854f3cc59e8d66ad;1,184,087.74;0.00;ERC1967Proxy;false
0x193f4a4a6ea24102f49b931deeeb931f6e32405d;6;0x481d727af05c1937c35d0a209066deaa7231605c;0;0.00;ERC1967Proxy;false
0x68f99f9ab9de23ce0bafb4ea415f4b4d30490877;5;0x812b41c3769af7ad93bad03fbe4d4255f080130e;239,738.65;0.00;ProxyOFTV2;false
0xf04b7851be9af4620f9ef407b9e087e6cbfc4478;23;0x10167d3e15ceb895efe969b87dd58062dbb90be0;0.00;0.00;LanifyBridge;false
0xe5e3485b307d9d08cf704dcd1d5c1ceb48d67107;1;0xab44e1f162801f6379916d4c9b2c123dfbf51d3b;0.00;0.00;OmniAirTokenProxy;false
0x0b2faadfe75fe6507dc8f81f8331198c65ca2c24;3;0x2e1f5c7f87096fb7fffbb6654fc3b2ce303aeff5;0;0.00;ETHxRateProvider;false
0x086110f3b19e992e6d33cf4f15ddfd24a77c8d39;3;0x00b97496700288c1bceb90ecc04a40c4aeac8bb4;0.00;0.00;OmniseaPortal;false
0xe0ea1bfba2bcae98b3f76846484cd1eeb4176ad7;1;0xc80274f9e059e3d0f491c4386b2d2c6864f87c8a;0.00;0.00;BIG_FOOT_Proxy;false
0x74aa9bb52b36a378a6e641b86d7acb76dc9b3940;4;0x73f4af123a33e310e26190ea00eb6cb0b500ef3d;32.05;0.00;TRVLProxyOFT;false
0x1b89cb4e324af944383d70074527c6751caed01b;2;0xcd231d4ba7b15a4722ac057419d9cd7689e7b8db;0;0.00;IndirectOFTV2WithFee;false
0x173b47edbeca665125edc24c509bfe545cda60a9;25;0x295e0fc7ab0f86df5597f38c9568a2da217e6673;0;7,036.37;CrossChainRelayProxy;false
0x7ad05c1b87e93be306a9eadf80ea60d7648f1b6f;1;0x6b01ad68ab6f53128b7a6fe7e199b31179a4629a;0.00;0.00;TransparentUpgradeableProxy;false