0xc5fd9570ac1a5dab9eda7839bd33229252b0c05d;0x9f403140bc0574d7d36ea472b82daa1bbd4ef327;;8;0;0.01;false
0x66a71dcef29a0ffbdbe3c6a460a3b5bc225cd675;0x9f403140bc0574d7d36ea472b82daa1bbd4ef327;Endpoint;137662;0;0.00;false
0xcff08a35a5f27f306e2da99ff198db90f13def77;0x9f403140bc0574d7d36ea472b82daa1bbd4ef327;;8;0;0.00;false
0x88b016cdeaac1d73d4a35202128cd4dd3e782f15;0xc48cab17fcb3eb38030bc4ea54b62353d2802ba8;;13;0;0.00;false
0x296f55f8fb28e498b858d0bcda06d955b2cb3f97;0x1d7c6783328c145393e84fb47a7f7c548f5ee28d;Bridge;85235;0.00;0.00;false
0xaf5191b0de278c7286d6c7cc6ab6bb8a73ba2cd6;0x1d7c6783328c145393e84fb47a7f7c548f5ee28d;StargateToken;5577;113,483,007.17;0.00;true
0xfecba472b2540c5a2d3700b2c9e06f0aa7dc6462;0x7c704efdf67405a11f8ebad35de9a0149213e8dc;AdminUpgradeabilityProxy;51;168.26;0.00;false
0x8bf1c650ec30c2fd70b7cdb1346f118ac5f55bca;0xd6acd01c5579069afb5ea2bbab261e46b35733c9;;1;0;0.00;false
0x37289c05050ce693309932e40a48d8923df6d786;0xd6acd01c5579069afb5ea2bbab261e46b35733c9;;1;0;0.00;false
0x0674c96408ae30c9feb7331c1f2831f3eab2c303;0xc13b65f7c53cd6db2ea205a4b574b4a0858720a6;;3;0;0.00;false
0x2c5562dfe1f24678cfcd0d235ee293b942b4a6a9;0xf65908d276efb91c98c1aa3141cd1b980db198ce;;1;0;0.00;false
0xea1ab2b141cd28a86531ae256ea95580cc5a469e;0x28c9c1f5aece95f8676e1c11db2ab08aeef2308f;NFTMarketplaceMain;3;0.74;0.00;false
0xa74ae2c6fca0cedbaef30a8ceef834b247186bcf;0x099a2da6bb4f40ecaea36ad0abe32d09f98c2a0a;Gh0stlyGh0sts;242;0.00;114.56;true
0xe0ddc558eb8d642453bd2a0cb31f01981550287a;0xef1ce7ae0fc718d68d6f30cfb640180f5745a51d;Kev0;1;0;34.78;true
0xce4e591c738a128a5e1dda6beb840d17c5d831f9;0x8b727216f4e88a64fb057592d9fb99d28ff67d29;CoolBears;1;0;0.00;true
0xcf7ab852a4d5885a4e1c840bcb3c6353341b2d86;0x25a01fd96a3042bab10652106746c587942a9fe5;SmolFrens;2;0;0.00;true
0xdff484a2bc81c3ab7368dc58f3e5894d426f957c;0x14719476c596fce28d381bd3ac12c3ce4698a1e9;RaidProjectBaseCore;1;0;0.00;true
0xae888c9cb9d6a46c993c9d298f710a44063040c9;0xd9b68d44640dccad2c6481d951406bdb5f65d1be;XZEROS;3;0;0.00;true
0x589f6a6737a880101a50ff6d9a50a7498c6ec2b3;0xc0d0ee527d6d563d75570629254479849211a499;;8;0;0.00;false
0xd9b78a2f1dafc8bb9c60961790d2beefebee56f4;0xb57fd863535525b880ff7e23cdf17644a08cb448;tinydinos;682;0;3.27;true
0x01ae9df9cc72ed928c6f34aa74a3449e8d5ab134;0x2514015e85d64114bd8098a09de9e77bc0d7baae;OmniBird;1;0;0.00;true
0x4a9271911a7fcdef1159a8e6bf9874b28dced5c6;0x12572c364dbebc556bb0ef5302576e025f6db7db;LayerZeroPunksMainnet;2;0;0.00;true
0xe0e28f13d59b3f6c37e49c8447df3c9d418f0188;0x86618681b0f88743362deb845786606ebf04457f;ComelyTurtles;2;0;81.83;true
0x7c5d55aa9236aed05ee8d6e610eaec9809e057d9;0x77451aa5b551c88526a05b86bd790b1c2afc6d21;OmniChainToken;8;0;0.00;true
0x6bf7230ec3faff46bffedfbf765b54ac622bb3a6;0x305799cb51dc86ea40ffe86cc6d3fcb9fbc494a4;BillionaireSkullClub;3;0;0.00;true
0x3b8420eb6ef77bc25025b32d8205cde2683f979e;0x53aa300ce82ca55217c28c1db8b60a2a45f96967;Moonbears;2;0;0.00;true
0x73412cdddf3164313bd3781b13df0dae10013bbf;0xc13b65f7c53cd6db2ea205a4b574b4a0858720a6;;5;0.00;0.00;false
0xcfd3125b384d37a751f1767f00fb8462f601173c;0x4d4c4994cdd52f1dc98249593b79fbcd9b48df0c;GaugeSnapshot;1;0;0.00;false
0x76bf5c3ab575efe9fbb83bf769e2c4528a354be6;0x4d4c4994cdd52f1dc98249593b79fbcd9b48df0c;GaugeSnapshot;1;0;0.00;false
0xacf63e56fd08970b43401492a02f6f38b6635c91;0xd77ec5ba85742194487ac7218d2775b8b2da40ae;ONFTBased;50;0;0.00;true
0x9817a71ca8e309d654ee7e1999577bce6e6fd9ac;0xe8bc44ae4ba6eddb88c8c087fd9b479dff729850;;137;0;67.89;false
0x36da7d6710779321a46c5cf3c3cea33dc6cb2721;0x9c21ca464a2ee450d05d605d74ad415c6baaa054;GaugeSnapshot;52;0;0.00;false
0x151c384c9d8aece2dfb50e61890217128f90c321;0x9ef12178e25842ece14a5e3e1605c0e58a8b4394;METAKAYS;1;0;0.00;true
0x0d87d35dc73056484e4e41300a810dc58ad1d668;0x39dcbb3929844aad5675984924a33b07a5fa2835;st0ked;1;0;0.01;true
0x37337e16b5893278378ad5ad79c52ba84ae2e6c1;0x8b110a00480a4632caf02e891012421b9afe32af;DeadFreaks;3;0;6.56;true
0x89aef982de66fe6df58ed0251e0841ccb2da6e4a;0xe8bc44ae4ba6eddb88c8c087fd9b479dff729850;;7185;0;7,725.40;false
0x7b89890989d50b631322c6977c7937531460957a;0xe83de7de49d5a0e0e9e71ecfd8990e894005d2e4;ZAPE;8;0;0.00;true
0x42303cb090cbe16da228d2b1cf2886230df28b6b;0xc13b65f7c53cd6db2ea205a4b574b4a0858720a6;;4;0;0.00;false
0xab38efc6917086576137e4927af3a4d57da5f00c;0xc13b65f7c53cd6db2ea205a4b574b4a0858720a6;;2;0;0.00;false
0xd8c8cd1d68b91392dfd17d2cd120b196841e236c;0x93bb01435b559f28e4f254baeb3ebea1bf3396f6;;61;0;0.00;false
0x5dfae9ff7f132a584375a4bd3694ddc60af1082f;0x14cccbbf68a76d5430f8e5b6ec60fa28a73efdd3;TinyGirls;1;0.00;0.00;true
0x85fda8aecd0cfbbd4c63b11cf1a5c2a151e29f34;0xa19191fc9e9ff62b99b4c7e4a3ebbd02c6a65303;;16;0;0.00;false
0xe84ab061da2d944c1dd8245915e0c91d79202052;0xa19191fc9e9ff62b99b4c7e4a3ebbd02c6a65303;;1;0;49.23;false
0x0b9f531430944a9318184e4ccc1ed1278cc1ae3b;0xdbc320a510bcf1a8368ca38fc3ad773e259ced26;;1;8.13;0.00;false
0x7d1070fdbf0ef8752a9627a79b00221b53f231fa;0x4a6305da976f04b05d1b400b14bd3392d4b6bffd;Rabby;2;0;0.00;true
0xbdbef5602c0552848420b832ad0e246689f491da;0xa1aed6f3b7c8f871b4ac27144ade9fda6fbcd639;AxoBridge;1;0;0.00;false
0x49dc480b512bb675a6f0e8bbab39e47096902e4d;0xa1aed6f3b7c8f871b4ac27144ade9fda6fbcd639;AxoBridge;80;0.00;0.00;false
0x7937b1c6b19661cd4f3c91a4b6f1b5d8be722d43;0x662707d8f8726e94a19a7e980f0ea6df8c0aaabd;;4;0;0.00;false
0x43dd8ca6f882f4b80ea65df6707858a407ce5252;0x813c6726e40cbcdff33d27324b9ae77a4e4d43fd;VeryLongTown;6;0;0.00;true
0x5a1190759c9e7cf42da401639016f8f60affd465;0xb57fd863535525b880ff7e23cdf17644a08cb448;tinydinossummer2022;48;0;0.00;true
0xa92f33b15902e538a925b8316b79ffac914e10ee;0xc13b65f7c53cd6db2ea205a4b574b4a0858720a6;;1;0;0.00;false
0x6c9c0d2cb925b0bb1d8d69ba14c706978baec82d;0x9c21ca464a2ee450d05d605d74ad415c6baaa054;GaugeSnapshot;182;0;0.00;false
0x48e4aae2c9f9ef9cceb0327af35c53fa716df9d1;0xc13b65f7c53cd6db2ea205a4b574b4a0858720a6;;42;0;0.00;false
0xd22a951faf2a200e067a276bff3775eecba8af9f;0xe2e1f875c8db3a663576d4093564ce89c800f378;;1;0.00;0.00;false
0xb57e23891c545f1b697043ec5af6672765ca1adb;0xe2e1f875c8db3a663576d4093564ce89c800f378;;16;0.00;0.00;false
0xd1f28371b32c64975a7bfad9592d36d5a8db1fc1;0xe2e1f875c8db3a663576d4093564ce89c800f378;StakingRewardsProxy;26;0;0.00;false
0x990d156d511d0493a0b7c32d1af97e0c9e352acd;0xe2e1f875c8db3a663576d4093564ce89c800f378;;1442;25,922.84;0.00;false
0x95077daaea7d45a5d44ed269ec142e78aa13153b;0x5b770f460978c456d69bc46463dfda71feee60ad;LucksBridge;9;0;0.00;false
0xaa166caa2ebdda7adad54792159a24e24c5669cc;0xe9b2b067ee106a6e518fb0552f3296d22b82b32b;ZunamiForwarder;1;0.00;0.00;false
0x65246eda89e72c7802a89dfbf4e58aa23ab79d72;0xe9b2b067ee106a6e518fb0552f3296d22b82b32b;ZunamiForwarder;1;0;0.00;false
0xcb3c9fe6abff808ddf9be30df2950dd9601843ec;0xc5e9a48c7637002384a3355148c8687dad7fed7d;;14;0;0.00;false
0xf5bd12b1e7cd789756d3f922c149c7821b991ce3;0xe9b2b067ee106a6e518fb0552f3296d22b82b32b;ZunamiForwarder;4;0;0.00;false
0x6f61f45f7a3f64b0f2098cdad3bac5dc6aed8354;0x9cb52fac216ea138c661160863c47478f38ec2fd;oni;8;0;9.84;true
0x7ffe2672c100bfb0094ad0b4d592dd9f9416f1ac;0x8636fa411113d1b40b5d76f6766d16b3aa829d30;AdvancedONFT721;181;0;0.00;true
0xf689554c1bc3dc54152a271210eef9f55979c4f6;0x0a159ff1be49354771c180a5c91671c152901302;GutterPunksOmniHelper;14;0;0.00;false
0x962b4d8b1f8940d6a67399dc3a8d7549250888b8;0xe2e1f875c8db3a663576d4093564ce89c800f378;StakingRewardsProxy;1759;2,694,846.39;0.00;false
0x82be83e303ed594df25166bf485a57c4cfaaf775;0xe9b2b067ee106a6e518fb0552f3296d22b82b32b;ZunamiForwarder;21;0.00;8.12;false
0xe9dc24fbc8e53fe562eb9443885610b51f84a441;0x0a159ff1be49354771c180a5c91671c152901302;ProxyONFT721;36;0.00;0.00;false
0xdee35f89caeda89ba8bed7eca5e062581defb182;0x6407df3fb995418bf9118f523d4be4551283069a;Eighty80_l1;9;0;0.00;true
0x52bb0cd7e10603c56542143ab355ef00b01db84d;0xe1c646993710dfd6a5bc8609e5015a4151064d09;MondayBridge;2;0;0.00;false
0x4fa745fccc04555f2afa8874cd23961636cdf982;0xfda462548ce04282f4b6d6619823a7c64fdc0185;TransparentUpgradeableProxy;615;1,886,605.98;0.00;false
0xcb60626e676ee0fd7877bce9234b220d0b020b54;0x7a682cdb8e30402364aebcd0a94abe74d99af1b8;OmniSticks;1;0;0.00;true
0x6bf209cc620ee545ed72288c0b3c9a714cb5c169;0x6ea4ea5c3cd5c1f77f9d2114659cbacaea97edb7;NFT;1;0;0.00;true
0x2a4a3494e1f8d8fd3eef2b53c6105f2bb0c07322;0x90a4a90e6faf88c4d709f666d26793f9e2b47183;CPOOLProxyOFT20;87;90,384.50;0.00;false
0xd06712108dacee3bfea6bace8f6ee8c06491b843;0xe9b2b067ee106a6e518fb0552f3296d22b82b32b;ZunamiForwarder;37;0.00;26.73;false
0xc72633f995e98ac3bb8a89e6a9c4af335c3d6e44;0xf285e70ca2002b796a575e473285282bbf39d790;OmniseaToken;3;0;0.00;true
0x15e62434aadd26acc8a045e89404eceb4f6d2a52;0xc13b65f7c53cd6db2ea205a4b574b4a0858720a6;;37;0;0.00;false
0x98434eb1f04ab5dfbeacba6c978b78e72c6df744;0xc13b65f7c53cd6db2ea205a4b574b4a0858720a6;;1;0;0.00;false
0x70abb921bf4ffd2a586d98c51a6273a9527dcbbc;0xc13b65f7c53cd6db2ea205a4b574b4a0858720a6;;9;0;0.00;false
0x67e82738f07d9063cacf69f853a0e6151014620b;0xa1aed6f3b7c8f871b4ac27144ade9fda6fbcd639;BubbleBridgeEth;27;0;0.00;false
0xc53452d59956a29229d16cc27393f005d4526083;0x77e5c0704d9681765d9c7204d66e5110c6556ddd;fishbags;7;0;196.52;true
0x3e2326797d1d63802a0bb05bfe39daaacd2d48bd;0xc13b65f7c53cd6db2ea205a4b574b4a0858720a6;;2;0;0.00;false
0x6f537839714761388b6d7ed61bc09579d5da2f41;0x1f2414d0af8741bc822dbc2f88069c2b2907a840;Lib_ResolvedDelegateProxy;34;110,554.76;0.00;false
0x06e964bd8018c6afc26d97a05d6491af4176d031;0xa9eac1aabe579f8e1efba6a6b0e00c23b4a374a0;Portal;2;0;0.00;false
0xb0003eb166654f7e57c0463f8d1a438eb238c490;0x1f2414d0af8741bc822dbc2f88069c2b2907a840;Lib_ResolvedDelegateProxy;34;140,040.38;0.00;false
0x8bcd709bab74283a23d723aba7013a2dddf738a0;0x3b220ede1a8c1f130c056a92eb5f1483cf4e3805;;1;0;0.00;false
0xc338b5b660e8a656fa92e362acac49f785cf39f5;0xd0abcb79b0a8ee4196f61833353300174254aa86;;1;0;0.00;false
0x01b6d10c09bc60d5e043d888ead896a395e210ca;0x1f9d367d68fc68a30062166f73512e06840ab4a4;RoyalCrows;13;0;0.00;true
0x7bd5ade0975ec1d46d6472ba9dcc2321c4c41311;0xe9b2b067ee106a6e518fb0552f3296d22b82b32b;ZunamiForwarder;116;0.00;156.72;false
0x1de48d49aeba6ffa4740e78c84a13de8a9c12911;0xf285e70ca2002b796a575e473285282bbf39d790;OmnichainRouter;64;0;0.00;false
0xb03a572ee91aecbdfa8cef8196bf140a1e7410df;0x244a807084a3eb9fd5fe88aa0b13aec8401577bd;Boxer;1;0;0.00;true
0x7d79c77f20dd0b2b8f8787449d0f0870f4a48806;0x072e42363a9b15d1ca01d48cd06e970fa70eac70;OmniCounter;1;0;0.00;false
0x1a36e24d61bc1ada68c21c2da1ad53eab8e03e55;0x1f2414d0af8741bc822dbc2f88069c2b2907a840;Lib_ResolvedDelegateProxy;23;178,724.61;0.00;false
0xe98ffefc7c73d1c537b2f74989df9ada4d6e7fa5;0x9c21ca464a2ee450d05d605d74ad415c6baaa054;GaugeSnapshot;56;0;0.00;false
0xee381e476b4335b8584a2026f3e845edac2c69de;0xac0248e9c78774ba0ef9e71b1ce1393a10c17e3c;ProxyERC20;45;367,592.86;0.00;false
0x2f05e799c61b600c65238a9df060caba63db8e78;0x98422d38f6c408d0224b8fa4588b807ca5e66b17;;183;0;0.00;false
0x9dd4202aa5ee9625d1eaa671e2294014dd434e7e;0x1f2414d0af8741bc822dbc2f88069c2b2907a840;Lib_ResolvedDelegateProxy;3;29,984.96;0.00;false
0x25f384961ceac7708bf0bf4d4bf7c2daa2f56903;0xa299fe43186b0a0ff69cfe26328055f128934585;BasedJToken;6;0.00;0.00;true
0x2a80ea2a879c11e105b72587754e2b23b376069d;0x43fa89b3b0190d7f636c0f9154e720a77bff617c;;10;0;0.00;false
0x358121f34fc519feedbcb213306def587bd003e4;0x3e6a203ab73c4b35be1f65461d88fb21de26446e;;1;0;0.00;false
0x412db7a03fbc876f4cbf0eedc9dcde85d4b65eac;0xef44e821f6c252b5d06b5759e8c41a9c3e315be0;;1;0;0.00;false
0x64cb5b38dced932c52b5a7a8ac49cec11d30f7b9;0xef44e821f6c252b5d06b5759e8c41a9c3e315be0;;1;0;0.00;false
0xb335651b1fe9f35f125793d657f704dd2e0c19dc;0xef44e821f6c252b5d06b5759e8c41a9c3e315be0;;1;0;0.00;false
0x9ebcc58dc875cdc3ed909e3ee597ea552ed86380;0xae715076fe9dde358bd6945868a717eebdcdd9b6;ProxyERC20;1;0;0.00;false
0x4f52b41a778761bd2eea5b7b7ed8cbdaa02cef3e;0xac0248e9c78774ba0ef9e71b1ce1393a10c17e3c;ProxyERC20;169;145,724.38;0.00;false
0xab89d3c2207c97a8b6823421149a389fc04ebcab;0xac0248e9c78774ba0ef9e71b1ce1393a10c17e3c;;1;0.00;163.60;false
0x1edb8bded80e1b87ed19ee7d97ee80b4fdb615c1;0xac0248e9c78774ba0ef9e71b1ce1393a10c17e3c;;384;0.00;45,955.08;false
0xad7514b8b1eadfad8b1ff0873dba52e304c87446;0xac0248e9c78774ba0ef9e71b1ce1393a10c17e3c;ProxyERC20;7;51.98;0.00;false
0xbaae1e6093a62ee6c0be2ecfc8cad75364ba1a7d;0xa8e54201b4947a9b7572b65d8c79905db7925c34;TransparentUpgradeableProxy;1;0.00;0.00;false
0x50002cdfe7ccb0c41f519c6eb0653158d11cd907;0x9f403140bc0574d7d36ea472b82daa1bbd4ef327;TokenBridge;28340;17,746,734.04;13.35;false
0x1e41852023a9540dd544ab1853c28d5bffd9b5fb;0x662707d8f8726e94a19a7e980f0ea6df8c0aaabd;foo2;2;0;0.00;true
0xf6a097b278383ef0a800abd7d700b29b159b19b5;0xac0248e9c78774ba0ef9e71b1ce1393a10c17e3c;ProxyERC20;66;273.09;0.00;false
0xab29422593a2044daa02150c9bb145d587cf4fdb;0xac0248e9c78774ba0ef9e71b1ce1393a10c17e3c;ProxyERC20;7;41.91;0.00;false
0x7b0c1ddbef7ce61911208f84cfc0bcd1184236d0;0xac0248e9c78774ba0ef9e71b1ce1393a10c17e3c;ProxyERC20;4;21.86;0.00;false
0x0486d2c4e7be28c8b45459dcb23de077c03b299d;0xac0248e9c78774ba0ef9e71b1ce1393a10c17e3c;ProxyERC20;5;13.49;0.00;false
0x3e843802863904cb57c8f0f810e430a49c841d02;0xac0248e9c78774ba0ef9e71b1ce1393a10c17e3c;ProxyERC20;7;24.22;0.00;false
0x85ba92e2ade9ef7857850c7c0e6f7ac441fa6e57;0xac0248e9c78774ba0ef9e71b1ce1393a10c17e3c;ProxyERC20;2;13.32;0.00;false
0x34770eed313fa21c871b9d00f120fe1d9ab5f0da;0xa48c81f440b427a3abfed5e692020bb5020da6ea;;1;0.00;0.00;false
0xc1dcc70e27b187457709e0c72db3df941034ec6f;0xb57fd863535525b880ff7e23cdf17644a08cb448;;24;0;0.00;false
0x85db5268403700e901285e8b8fb0cadf4212b95e;0xac0248e9c78774ba0ef9e71b1ce1393a10c17e3c;ProxyERC20;33;114.88;0.00;false
0x234784ec001db36c9c22785cad902221fd831352;0xac0248e9c78774ba0ef9e71b1ce1393a10c17e3c;ProxyERC20WithMint;101;0;0.00;false
0xab6ebe9472e2e4b6fe720dad16701f32ab905cc6;0xac0248e9c78774ba0ef9e71b1ce1393a10c17e3c;;7;36,312.35;0.00;false
0x128aedc7f41ffb82131215e1722d8366faad0cd4;0xac0248e9c78774ba0ef9e71b1ce1393a10c17e3c;ProxyERC20;63;706,078.71;0.00;false
0x45704edabe7d2e038c35876dd3b6789511e452cf;0x97254b56c92a91cc9596219993c69fcb745db64c;lzCore;7;0;1,652.32;true
0x2a2fd53c3c056d87c5721cb5f3627e90efd66e7c;0xc37f886519039db75e10ee4dddd9cd8215c6caa8;;7;0;0.00;false
0x0b3a28138f36afa3b0786f0a1a320ccd95368450;0xc37f886519039db75e10ee4dddd9cd8215c6caa8;;4;0;0.16;false
0xa4eecb95ce7a18b576483e693efa0af03de2d937;0xc37f886519039db75e10ee4dddd9cd8215c6caa8;;2;0;0.91;false
0xbf98dc27cd14edfdd972944856cc9eb197cdb2f5;0x8d2048cfda4d91591ab8db59a4a97dc169873545;UUPSProxy;4;0;0.00;false
0xde6cc250a519592cd64f0673c290dff6ae930b72;0xc13b65f7c53cd6db2ea205a4b574b4a0858720a6;;17;0;0.00;false
0x959293b37d785b677de4b14203d3f512556c56ee;0x052269740fba1391d02b0da94c0ead53cc212a44;TransparentUpgradeableProxy;13;0.00;0.00;false
0xf1bb87563a122211d40d393ebf1c633c330377f9;0xc7f8d87734ab2cbf70030ac8aa82abfe3e8126cb;PremiaStakingProxy;95;4,114,965.75;5.90;false
0x9a9f10c8d28faf74358434ec7916acc25dbb41ca;0xe9b2b067ee106a6e518fb0552f3296d22b82b32b;ZunamiForwarder;29;0.00;91.54;false
0xbc643105ef061f945cb9bb4f3efae61881ff54fb;0x42d9f8389dff1c8ce1f9a9fa238d578005426bcd;TransparentUpgradeableProxy;13;0;0.00;false
0xd9ac54a46105a94ea5fd30f718cbcc7acca9d3ee;0x44288150669202dc70aa8cf0877f9467d3952d7f;ERC1967Proxy;17;0;0.00;false
0x2297aebd383787a160dd0d9f71508148769342e3;0x01c28a1b29098175fd5c74f6dd9225b0853325fe;BTCbOFT;114;0;0.00;true
0xd8ef449367142831ee581c0ce6c9c4f8f78c9ab0;0x052269740fba1391d02b0da94c0ead53cc212a44;TransparentUpgradeableProxy;460;0.00;0.00;false
0x4524051687b6ff963bd4316a6b7215f39f029196;0xe6d866769e164a831aaa709190958188bdcb9e10;CSMCrossChainRouter;44;0;0.00;false
0xbfe93f778ce1b69af3014192f45a32d4fd3d982a;0xae9ea6fe14a0f24e89116756452ca7c17fa6787a;;1;0;0.00;false
0x35d4c2e03c52aebb9cbc64601bd53886e7d565c5;0xd2afafce08a017bc0cdf5e69976657b41b39993c;LzApp;4;0;0.00;false
0xa30e8e5ed0b69197e03841734944552680a88f86;0xae9ea6fe14a0f24e89116756452ca7c17fa6787a;;2;0;0.00;false
0x76affb7e75d59b7d816c19a5e5ad6f75a66ebe54;0xd2afafce08a017bc0cdf5e69976657b41b39993c;LzApp;16;0;0.00;false
0x7a04c0d1d07b3e3fc2d31a405f44b1a729cf16a6;0xac0248e9c78774ba0ef9e71b1ce1393a10c17e3c;ProxyONFT721;6;0.00;0.00;false
0xe8a1f6fce215b83c9ab6ae96ead4b4d0728ec2e2;0x092a9fafa20bdfa4b2ee721fe66af64d94bb9faf;;26;0;0.00;false
0x8799c7fefb44b8c885b489eb38fb067c75eba2ab;0x2c10ac0e6b6c1619f4976b2ba559135bfef53c5e;PbProxy;20;0;0.00;false
0xb5d4d94b82722eafe067887a2fb596bb37b3aad2;0xac0248e9c78774ba0ef9e71b1ce1393a10c17e3c;ProxyERC20;10;77,566.79;0.00;false
0x07b6eb9d3be334098e5af77185344bb3a34e0017;0xac0248e9c78774ba0ef9e71b1ce1393a10c17e3c;ProxyERC20;6;55,607.07;0.00;false
0x95320729c908dbf314550fcb77cb9859d0ebbd3a;0xac0248e9c78774ba0ef9e71b1ce1393a10c17e3c;ProxyERC20;1;23,734.25;0.00;false
0x242d6e16653b30c830c1918b5cc23d27253b2d26;0xac0248e9c78774ba0ef9e71b1ce1393a10c17e3c;ProxyERC20;3;6,945.31;0.00;false
0x36d74506e4dfdc4e6ceae0effa3a5333bd72ddcb;0xac0248e9c78774ba0ef9e71b1ce1393a10c17e3c;ProxyERC20;2;9,066.31;0.00;false
0x905582f21fb9855c809d5b8933272a292dfbb138;0xac0248e9c78774ba0ef9e71b1ce1393a10c17e3c;ProxyERC20;1;8,028.97;0.00;false
0x1056178977457a5f4be33929520455a7d2e28670;0xfda462548ce04282f4b6d6619823a7c64fdc0185;TransparentUpgradeableProxy;71;27,961.04;0.00;false
0x4bae6875cb835d78de2821b2a90137ebf677bab3;0xce575de2c04618511ce3e984b9b2655aa6385231;OmniCounter;1;0;0.00;false
0x20f4b902b0b64c4cef75a67a811484b5aaa9cc2e;0xe8bc44ae4ba6eddb88c8c087fd9b479dff729850;;3;0;100.67;false
0xc6005ccc1de4b300d538903b74848bff881d5dc5;0x02f59e24d45fb2a9f976e4254fb947535f8a46b7;OmnichainFungibleToken;1;0;0.00;true
0xbd1fcdf5011ccdc881fb0739e764b338f81771e0;0xaba88627a5197df7b58d959b7d9ce54ce04c95d8;;3;0;0.00;false
0x8c50257fb5d8c6b01d24c4ff5aebfda46b651fdf;0x57b7ab9e50066f2f964ad4ce649ee907b00006f6;;6;0;1,818.70;false
0x89e83f99bc48b9229ea7f2b9509a995e89c8472f;0xb57fd863535525b880ff7e23cdf17644a08cb448;;18;0;0.00;false
0x8bb765ae3e2320fd9447889d10b9dc7ce4970da5;0x6f782fb2e2c7ca617612ae111634023dddbb47d2;TinyDaemons;6;0;6.57;true
0x069481db4f4d03d83d63c743836359ba868fa600;0xac0248e9c78774ba0ef9e71b1ce1393a10c17e3c;ProxyERC20;2;3,075.41;0.00;false
0x50ed722744d883a54e36dca49ba3cebcb1da1957;0xac0248e9c78774ba0ef9e71b1ce1393a10c17e3c;ProxyERC20;1;4,492.87;0.00;false
0x908da814cc9725616d410b2978e88ff2fb9482ee;0x5608ae4d9b19c4dabc7521212ec143e7d2f0aeca;StateHandler;74;0;0.00;false
0x803305930c1bbae396d03f496a7bf53ad7fd4303;0xc0ffee78121f208475abdd2cf0853a7afed64749;LayerZeroModule;14;0;0.00;false
0x709f374f4e1a9771609a464f4512302b4c9203f5;0xefbd25c27887f0d3adf0c1d3c0c5025bd2cd74bb;;3;0;0.00;false
0x1fdc0c9eaac29c93b7dee2cf3200b49079cec94a;0x42d9f8389dff1c8ce1f9a9fa238d578005426bcd;TransparentUpgradeableProxy;72;0;0.00;false
0xda4d7fed229c3ce25f55647981c06a26edfd2ad0;0x2d1619915e9fe394c18c9abcceed2574f681799f;LayerZeroGateway;5;0;0.00;false
0xc7eb635b699c9b43aa741c6aec5cb15cae88d8fe;0x56ebc6ed25ba2614a3eaaffefc5677efac36f95f;PingMock;1;0;0.00;false
0x74ccbe53f77b08632ce0cb91d3a545bf6b8e0979;0x43834c6a65c64a4529e048ba55a685ff5aa43cb4;ERC1967Proxy;27;0;0.00;false
0x16e86206d3fb0bfd96803f8cf78354ba6d46515d;0xac0248e9c78774ba0ef9e71b1ce1393a10c17e3c;ProxyERC20;3;5,288.01;0.00;false
0x78d7480afcb1c2310917fda95e96ca4e1c06ccff;0x761a1afb33d1a9caef47144374c251f02234bdf1;LayerZeroPipe;44;0;0.00;false
0x9d93bbbc884948ed552c45a68d0c235b0ac2eb5f;0x6f71f4f0a8628e2f99325309456a096b502a4dd4;LzApp;1;0;0.00;false
0x611747cc4576aab44f602a65df3557150c214493;0x5e8628341c602f166bc34dea16e93b20fef3f4d1;LilPudgysProxyONFT;555;0.00;0.00;false
0x72e0ab15aa457b1d2639f9411ea395a94fa57dfa;0x6f71f4f0a8628e2f99325309456a096b502a4dd4;LzApp;10;0;0.00;false
0xa77f5002174ea476012cd8e1708a9a0e9b4c9fdb;0x06a6c3772acd3e6cb2c5781db11714e5512f905c;OmniCounter;1;0;0.00;false
0x15ee093ff412b412461ad79c47fb026b6994ad45;0xc48cab17fcb3eb38030bc4ea54b62353d2802ba8;;10;0;0.00;false
0x4f7a67464b5976d7547c860109e4432d50afb38e;0x5e9bf1dd74b4d25b7009af11582f537b08ea3d3c;NativeOFT;391;0.00;44,881.97;true
0xa41a879bcfdd75983a987fd6b68fae37777e8b28;0xec36df3f0fe20317d83425b0c34534350e84ec4e;Main;2;0;0.00;true
0x326f5834d73a2dc02b3c492e9ef1b24399d430b3;0x839378ecd2da97dde38eea690998e17d120dae35;StargateToken;2;0;0.00;true
0xdd69db25f6d620a7bad3023c5d32761d353d3de9;0x5e9bf1dd74b4d25b7009af11582f537b08ea3d3c;OFT;1464;0;0.00;true
0x8bbcce0a963a7ccca5f3b3be1a268e9f97c682ab;0x73f6d60439046681f4ce35665583a39f25e138b0;ProxyOFT;7;0.36;0.00;false
0x3b0dc84d8f8dcfae6dbede931defc278f9419085;0x0a66ad3cbf27de2f6252d166f38ea8e8245a8c41;;28;0;0.00;false
0x1abd5990e2923be4fec9e33ddc787b1764f79534;0x6adcbd5930f619896038bfcf12e27de295887322;OFTV2;1;0;0.00;true
0x0e9bdcc71b8498a9f39e0307d6651d9502fcd3c1;0xa916c9e7032217d35d44455b6cc72ec99ca6b0ab;TestONFTProxy;1;0.00;0.00;false
0x7eb926332aeacd89f16ff901695d176bd06bdfdf;0x47ef3bf350f70724f2fd34206990cde9c3a6b6f0;MainProxyLPONFT;1;0.00;0.00;false
0xa4218e1f39da4aadac971066458db56e901bcbde;0x4a8a8503360f3e44c945f34c7003b17827064e90;OriginalTokenBridge;1;0;0.00;false